ID,Name,Category
411,"Orient Everest 18w Geo White 1.5 Ton DC Inverter AC","Air Conditioners"
413,"Dawlance 15 Frost Pro 1 Ton Inverter Split AC","Air Conditioners"
414,"Dawlance 1.5 Ton 30 Infinity Pro Inverter AC","Air Conditioners"
415,"Dawlance Aura X 30 1.5 Ton Inverter Split AC","Air Conditioners"
417,"Gree GS-12FITH1W 1 Ton Inverter Split AC","Air Conditioners"
418,"Gree GS-18FITH1W 1.5 Ton Inverter Split AC","Air Conditioners"
419,"Haier HRF-538TGG 21 CFT Side by Side Refrigerator","Refrigerators"
420,"Dawlance DW-9191 FP INOX Refrigerator","Refrigerators"
421,"Haier HRF-316 EPR Glass Door Refrigerator","Refrigerators"
422,"Dawlance DW-7200 WFL Fully Automatic Washer","Washing Machines"
423,"Dawlance DW-6550 G Twin Tub Washer","Washing Machines"
424,"Dawlance DW-6000 Single Tub Spinner","Washing Machines"
425,"Haier HWM-85-1708 Semi Automatic Washer","Washing Machines"
426,"Dawlance DWF-7120 Fully Automatic Front Load","Washing Machines"
427,"Kenwood MWM-30 30L Microwave Oven","Microwave Ovens"
428,"PEL PMO-20 BH Classic Plus Microwave","Microwave Ovens"
429,"PEL PMO-30BG Glamour Microwave Oven 30L","Microwave Ovens"
430,"Dawlance DW-210 Solo Microwave Oven","Microwave Ovens"
431,"WestPoint 1846 Air Fryer 4.5L","Kitchen Appliances"
432,"Haier HWD-311 Water Dispenser","Water Dispensers"
433,"PEL 215 Pearl Water Dispenser","Water Dispensers"
434,"Philips Espresso EP2220 Fully Automatic Coffee Machine","Kitchen Appliances"
436,"Orient 1 Ton 12G Lunar Grace Golden","Air Conditioners"
437,"Orient Everest 12W Geo White","Air Conditioners"
438,"Orient FA 18X Snow White","Air Conditioners"
439,"Orient Everest 18W Geo White","Air Conditioners"
441,"EcoStar AC 12EMC1 1 Ton Inverter Split AC","Air Conditioners"
444,"EcoStar Emperor Cool Series 1.5 TON Split AC","Air Conditioners"
445,"EcoStar ES-12NV01W T3","Air Conditioners"
446,"Ecostar AC 18NV01WT3 1.5 Ton T3 Inverter Split AC","Air Conditioners"
447,"EcoStar AC 12DU02GC 1 Ton Inverter Split AC Duke Series","Air Conditioners"
411,"Orient Everest 18w Geo White 1.5 Ton DC Inverter AC","Air Conditioners"
413,"Dawlance 15 Frost Pro 1 Ton Inverter Split AC","Air Conditioners"
414,"Dawlance 1.5 Ton 30 Infinity Pro Inverter AC","Air Conditioners"
415,"Dawlance Aura X 30 1.5 Ton Inverter Split AC","Air Conditioners"
417,"Gree GS-12FITH1W 1 Ton Inverter Split AC","Air Conditioners"
418,"Gree GS-18FITH1W 1.5 Ton Inverter Split AC","Air Conditioners"
419,"Haier HRF-538TGG 21 CFT Side by Side Refrigerator","Refrigerators"
420,"Dawlance DW-9191 FP INOX Refrigerator","Refrigerators"
421,"Haier HRF-316 EPR Glass Door Refrigerator","Refrigerators"
422,"Dawlance DW-7200 WFL Fully Automatic Washer","Washing Machines"
423,"Dawlance DW-6550 G Twin Tub Washer","Washing Machines"
424,"Dawlance DW-6000 Single Tub Spinner","Washing Machines"
425,"Haier HWM-85-1708 Semi Automatic Washer","Washing Machines"
426,"Dawlance DWF-7120 Fully Automatic Front Load","Washing Machines"
427,"Kenwood MWM-30 30L Microwave Oven","Microwave Ovens"
428,"PEL PMO-20 BH Classic Plus Microwave","Microwave Ovens"
429,"PEL PMO-30BG Glamour Microwave Oven 30L","Microwave Ovens"
430,"Dawlance DW-210 Solo Microwave Oven","Microwave Ovens"
431,"WestPoint 1846 Air Fryer 4.5L","Kitchen Appliances"
432,"Haier HWD-311 Water Dispenser","Water Dispensers"
433,"PEL 215 Pearl Water Dispenser","Water Dispensers"
434,"Philips Espresso EP2220 Fully Automatic Coffee Machine","Kitchen Appliances"
436,"Orient 1 Ton 12G Lunar Grace Golden","Air Conditioners"
437,"Orient Everest 12W Geo White","Air Conditioners"
438,"Orient FA 18X Snow White","Air Conditioners"
439,"Orient Everest 18W Geo White","Air Conditioners"
441,"EcoStar AC 12EMC1 1 Ton Inverter Split AC","Air Conditioners"
444,"EcoStar Emperor Cool Series 1.5 TON Split AC","Air Conditioners"
445,"EcoStar ES-12NV01W T3","Air Conditioners"
446,"Ecostar AC 18NV01WT3 1.5 Ton T3 Inverter Split AC","Air Conditioners"
447,"EcoStar AC 12DU02GC 1 Ton Inverter Split AC Duke Series","Air Conditioners"
451,"Gree 1.0 Ton Inverter Air Conditioner 12AITH24 T3","Air Conditioners"
452,"GREE Split AC 1 TON Pular Series (Inverter)","Air Conditioners"
453,"Gree AC 12PITH15W-T3 1 Ton Pular T3 Inverter AC","Air Conditioners"
456,"Gree AC 18AITH21W Black 1.5 Ton Airy Plus T3 Inverter","Air Conditioners"
457,"Gree AC 18AITH21W 1.5 Ton Airy Plus T3 Inverter","Air Conditioners"
462,"Gree Inverter AC| 1.5 Ton | 18PITH 11S/11W/14S","Air Conditioners"
463,"Gree 1.5 Ton Inverter Split AC GS-18PITH14","Air Conditioners"
465,"Gree 18PITH17W-T3 Pular 1.5 Ton Inverter AC","Air Conditioners"
467,"GREE Pular T3 1.5 Ton Inverter AC (GS-18PITC12W-T3)","Air Conditioners"
468,"Gree GS-24AITH21W-T3/21B-T3 2.0 Ton Inverter Split AC","Air Conditioners"
470,"Gree 24PIth11S Pular Series 2.0 ton Inverter AC","Air Conditioners"
473,"Gree 24PITC12W Pular Series","Air Conditioners"
474,"Haier 12CF 1 Ton Non-Inverter Air Conditioner","Air Conditioners"
475,"Haier Split AC 1.5 Ton 18CF","Air Conditioners"
476,"Haier 24CF-2 Ton Turbo Cool Non-Inverter Air Conditioner","Air Conditioners"
477,"Haier AC 1 Ton DC Inverter AC 13LF","Air Conditioners"
478,"Haier 1.5 Ton DC Inverter AC 19LF Supreme","Air Conditioners"
479,"Haier Air Conditioner 1.Ton -  13 HFAB T3 Inverter","Refrigerators"
480,"Haier 13 HFC Triple Inverter 1.0 Ton Air Conditioner","Air Conditioners"
482,"Haier HSU-19HFS-W T3 Pro Inverter 1.5 Ton","Air Conditioners"
483,"Haier AC 1.5 ton Inverter T3 Compressor 20HFTEX","Air Conditioners"
486,"HAIER SPLIT AC 24HFAB T3 PRO WHITE","Air Conditioners"
487,"TCL 12E COOL A 1 ton DC Inverter Air Conditioner","Air Conditioners"
488,"TCL 18E-COOL 1.5 ton Inverter Air Conditioner","Air Conditioners"
489,"TCL 24E-COOL 2.0 ton Inverter Air Conditioner","Air Conditioners"
490,"TCL AC 1 Ton Inverter VoxIN Series 12T5-VOX-12","Air Conditioners"
493,"TCL AC 1.5 Ton Inverter VoxIN Series 18T5-VOX-12","Air Conditioners"
494,"TCL SPLIT AC INVERTER 1.5 TON 18SVN-EX-31W","Air Conditioners"
495,"TCL 12 SVN-AI-CO-31G 1.0 Ton","Air Conditioners"
496,"TCL SaveIN Cool Only 18SVN-AI-CO-31S","Air Conditioners"
497,"TCL Split AC 2 Ton 24SVN-AI-CO-31 SaveIn Inverter","Air Conditioners"
500,"TCL 18T5 VoxIN-12/13 1.5 Ton Inverter Air Conditioner","Air Conditioners"
502,"Kenwood 1 Ton KGP-12C01S Glory Pro Split AC","Air Conditioners"
503,"KENWOOD 1TON DC INVERTER AC GLORY 12C03S","Air Conditioners"
504,"Kenwood AC 18C01S 1.5 Ton Inverter Glory Pro","Air Conditioners"
505,"Kenwood 18C02S Glory Ultra 1.5 Ton DC Inverter Split AC","Air Conditioners"
506,"Kenwood AC 18C03S 1.5 Ton DC Inverter AC","Air Conditioners"
511,"Kenwood 1871 E?Luxury Plus 1.5?Ton Inverter Split AC","Air Conditioners"
512,"Kenwood 1875 1.5 Ton Heat & Cool eOasis Air Conditioner","Air Conditioners"
514,"Dawlance AC 15 Infinity Pro 1 Ton","Air Conditioners"
515,"DAWLANCE 15 Frost pro","Air Conditioners"
516,"Dawlance 1 Ton Inverter Split AC Frost Pro 15","Air Conditioners"
518,"Dawlance 1.5 Ton 30 Infinity Pro","Air Conditioners"
520,"Haier 12CF (G)-Non-Inverter Air Conditioner-By Electronics World","Air Conditioners"
521,"Haier 12CF (W)-Non-Inverter Air Conditioner-By Electronics World","Air Conditioners"
522,"Haier 18CF 1.5 Ton Non-Inverter AC-BE-On Installments","Air Conditioners"
523,"Haier 24CF-2 Ton Turbo Cool Non-Inverter Air Conditioner-By Electronics World","Air Conditioners"
524,"Haier 10LFCM/013USDC 0.75 ton Cool Inverter-By Electronics World","Air Conditioners"
525,"Haier | HSU-13LFCM 1 Ton | DC Cool Only Inverter Air Conditioner-By Electronics World","Air Conditioners"
526,"Haier AC 1.5 Ton Inverter Cool Only 19LF ( 2025 Model )-By Electronics World","Air Conditioners"
527,"Haier 18HFM Marvel Inverter AC 1.5 TON-By Electronics World","Air Conditioners"
528,"Haier 13HFC DC Triple Inverter AC 1-Ton Heat and Cool 2025 Model-By Electronics World","Air Conditioners"
529,"Haier 18HFC-DC Triple Inverter 1.5-Ton Heat and Cool-By Electronics World","Air Conditioners"
530,"HAIER HSU-19HFCS-W 1.5 TON INVERTER AC Model-By Electronics World","Air Conditioners"
531,"Haier 14HFT W Inverter T3 1 TON AC-By Electronics World","Air Conditioners"
532,"Haier 18HFT-Thunder T3 1.5 Ton Full DC Inverter AC-By Electronics World","Air Conditioners"
533,"Haier 18HFT S-Thunder T3 1.5 Ton Full DC Inverter AC-By Electronics World","Air Conditioners"
534,"Haier HSU-20HFTEX/013WUSDC(OW)-T3 Plus Inverter 1.5 Ton AC-By Electronics World","Air Conditioners"
535,"Haier HSU-20HFTEX/013WUSDC(G)-T3 Plus Inverter 1.5 Ton AC-By Electronics World","Air Conditioners"
536,"Haier 13HFA W T3 1 TON DC Inverter-By Electronics World","Air Conditioners"
537,"Haier 19HFA W T3 1.5 TON DC Inverter-By Electronics World","Air Conditioners"
538,"Haier 24HFA W T3 2 TON DC Inverter-By Electronics World","Air Conditioners"
539,"Haier 13HFAB G T3 1 TON DC Inverter-By Electronics World","Air Conditioners"
540,"Haier 19HFAB G T3 1.5 TON DC Inverter-By Electronics World","Air Conditioners"
541,"Haier 24HFAB G T3 2 TON DC Inverter-By Electronics World","Air Conditioners"
542,"Haier HSU-18HJ/012USDC(G) PURI Inverter-By Electronics World","Air Conditioners"
543,"Haier HSU-20HJUV/013WUSDC(G)-T3 UV Inverter-By Electronics World","Air Conditioners"
544,"Haier 12HFP-Pearl Inverter 1-ton Heat & Cool -By Electronics World","Air Conditioners"
545,"Haier 18HFP-Pearl Inverter 1.5-ton Heat & Cool -By Electronics World","Air Conditioners"
546,"Haier 19HFP-Pearl Inverter 1.5-ton Heat & Cool -By Electronics World","Air Conditioners"
547,"Haier 24HF-2 Ton Inverter AC -By Electronics World","Air Conditioners"
549,"Dawlance 15 Aura X 1 Ton Inverter Split AC/By Electronics World","Air Conditioners"
550,"Dawlance 30 Aura X 1.5 Ton Inverter Split AC/By Electronics World","Air Conditioners"
551,"Dawlance 15 Mega Flex 1 Ton","Air Conditioners"
552,"Dawlance 30 Mega Flex 1.5 Ton","Air Conditioners"
553,"Dawlance 1 Ton Inverter 15 Sprinter Split AC-By Electronics World","Air Conditioners"
554,"Dawlance 1.5 Ton Inverter 30 Sprinter Split AC-By Electronics World","Air Conditioners"
555,"Dawlance 1 Ton Inverter 15 Powercon-By Electronic World","Air Conditioners"
556,"Dawlance 1.5 Ton Inverter 30 Powercon-By Electronic World","Air Conditioners"
557,"Dawlance 1 Ton Inverter 15 Enercon-By Electronic World","Air Conditioners"
558,"Dawlance 1.5 Ton Inverter 30 Enercon-By Electronic World","Air Conditioners"
559,"Dawlance 1.5 Ton Inverter 30 Extreme-By Electronic World","Air Conditioners"
560,"Dawlance 1.5 Ton Inverter Excel 30 Split-By Electronic World","Air Conditioners"
561,"Dawlance 1.5 Ton Inverter Magna 30 Split-By Electronics World","Air Conditioners"
562,"Dawlance 30 Magna T3 1.5 Ton Milky White Plain Inverter Split AC/By Electronics World","Air Conditioners"
563,"Hyper T3 1.5 Ton Silver Inverter Split AC/By Electronics World","Air Conditioners"
564,"Dawlance 1.5 Ton Inverter Hyper T3 Inverter 30 Split-By Electronics World","Air Conditioners"
565,"Dawlance 1.5 Ton Inverter 30 Frost Split-By Electronics World","Air Conditioners"
566,"Dawlance 1.25 Ton Inverter 20 Frost Split-By Electronics World","Air Conditioners"
567,"Dawlance 1.5 Ton Inverter 30 Elegance X Split AC-By Electronics World","Air Conditioners"
568,"Dawlance 1 Ton Inverter 15 Elegance X Split AC-By Electronics World","Air Conditioners"
569,"Dawlance 1.25 Ton Inverter 20 Chrome Split AC-By Electronics World","Air Conditioners"
570,"Dawlance 1.5 Ton Inverter 30 Chrome Split AC-By Electronics World","Air Conditioners"
571,"Dawlance Suave+ 1.5 Ton White Inverter Split AC/By Electronics World","Air Conditioners"
572,"Dawlance Suave+ 1.5 Ton Silver Inverter Split AC/By Electronics World","Air Conditioners"
573,"Dawlance Inverter Chrome+ 45/By Electronics World","Air Conditioners"
574,"Dawlance Avante 1.5 Ton Elegant White Inverter Split AC/By Electronics World","Air Conditioners"
575,"Dawlance 30 PurSense 1.5 Ton Black Split Air Conditioners/By Electronics World","Air Conditioners"
576,"Dawlance 15 Mega T+ Split A/c 1 Ton Mega T Series/By Electronics World","Air Conditioners"
577,"Dawlance 1 Ton Inverter 15 Inspire Pro Split AC-By Electronics World","Air Conditioners"
578,"DAWLANCE FLOOR","Air Conditioners"
579,"DAWLANCE 45 GALLANT FS INVERTER Inverter Floor Standing AC/By Electronics World","Air Conditioners"
580,"GLAMOUR 45 INVERTER FS Inverter Floor Standing AC/By Electronics World","Air Conditioners"
582,"Orient 12X E-Tech Ultron Air Conditioner 1.0 Ton – T3 – WIFI-By Electronics World","Air Conditioners"
583,"Orient 18X ETech Ultron Air Conditioner 1.5 Ton – T3 – WIFI-By Electronics World","Air Conditioners"
584,"Orient 18G Max Air Conditioner 1.5 Ton – T3-By Electronics World","Air Conditioners"
585,"ORIENT FLOOR","Air Conditioners"
586,"Orient 24 AK Floor INV T3 Floor Standing Air Conditioner/By Electronics World","Air Conditioners"
587,"Orient 12G Everest / Frost Cooltron 1.0 TON Cool Only DC INVERTER /By Electronics World","Air Conditioners"
588,"Orient 18G Everest / Frost Cooltron 1.5 TON Cool Only DC INVERTER /By Electronics World","Air Conditioners"
590,"Homage 1 ton Smart Crystel HSC-1212S Split AC upto 75% Saving-By Electronics World","Air Conditioners"
591,"Homage HES-1213 Grande T3 Non-Inverter Air Conditioner 1.0 Ton-By Electronics World","Air Conditioners"
592,"Homage HES-1813 Grande T3 Non-Inverter Air Conditioner 1.5 Ton-By Electronics World","Air Conditioners"
593,"Homage HCS-1221S Classic 1.0 Ton Inverter Air Conditioner-BE-On Installments","Air Conditioners"
594,"Homage HCS-1821S Classic  Split AC 1.5 Ton (Heat & Cool)-BE-On Installments","Air Conditioners"
595,"Homage HES-1222S 1 Ton Heat & Cool Air Conditioner-BE-On Installments","Air Conditioners"
596,"Homage HES-1822S 1.5 Ton Heat & Cool Air Conditioner-BE-On Installments","Air Conditioners"
597,"Homage HSC-1812S  1.5 ton Smart Crystel Split AC upto 75%Saving-By Electronics World","Air Conditioners"
598,"KENWOOD","Air Conditioners"
599,"Kenwood KES-1861S eSmart Platinum 1.5 Ton Full DC Inverter AC -By Electronics World","Air Conditioners"
600,"Kenwood 2462 eSupreme Pro 60% Saving 2 Ton Inverter AC-By Electronics World","Air Conditioners"
601,"Kenwood KEC-1267 eComfort Pro 1 Ton Inverter AC","Air Conditioners"
602,"Kenwood KEC-1867 e-Comfort Pro 1.5 Ton Inverter AC-By World","Air Conditioners"
603,"Kenwood KEL-1270S 1.5 Ton Heat & Cool eLuxury Pro Air Conditioner","Air Conditioners"
604,"Kenwood KEL-1870S 1.5 Ton Heat & Cool eLuxury Pro Air Conditioner","Air Conditioners"
605,"Kenwood KEL-2470S 1.5 Ton Heat & Cool eLuxury Pro Air Conditioner","Air Conditioners"
606,"Kenwood KES-1271S E-Luxury Plus 1 Ton Dc Inverter Split AC","Air Conditioners"
607,"Kenwood KES-1871S E-Luxury Plus 1.5 Ton Dc Inverter Split AC","Air Conditioners"
608,"Kenwood KEN 1873S 1.5 Ton E Serene Inverter","Air Conditioners"
609,"Kenwood KEN 2473S 2 Ton E Serene Inverter","Air Conditioners"
610,"KEN 1274","Air Conditioners"
611,"Kenwood KEN-1874S E-Nexus 1.5 Ton Inverter Split AC","Air Conditioners"
612,"Kenwood KEN-2474S E-Nexus 2 Ton Inverter Split AC","Air Conditioners"
613,"KEN 1275","Air Conditioners"
614,"Kenwood KEO-1875S 1.5 Ton Heat & Cool eOasis Air Conditioner","Air Conditioners"
615,"Kenwood KEO-2475S 2 Ton Heat & Cool eOasis Air Conditioner","Air Conditioners"
616,"Kenwood 1 Ton eNova Pro Air Conditioner KEN-1276S","Air Conditioners"
617,"Kenwood 1.5 Ton eNova Pro Air Conditioner KEN-1876S","Air Conditioners"
618,"Kenwood 2 Ton eNova Pro Air Conditioner KEN-2476S","Air Conditioners"
619,"KENWOOD DC INVERTER AC eSMART ONYX KES-1266S 1TON-BE-On Installments","Air Conditioners"
620,"Kenwood 1866 eSmart Onyx 1.5 Ton Full 5DC Inverter AC-BE-On Installments","Air Conditioners"
621,"Kenwood KEI-2441F Imperial Plus Cool AC Floor Standing-By Electronics World","Air Conditioners"
622,"Kenwood KEI-2443FHI Floor Standing Heat & Cool 2Ton Inverter","Air Conditioners"
623,"Kenwood KEI-2444 2.0 Ton FHI Inverter Floor Standing-By Electronics World","Air Conditioners"
624,"Kenwood KEB-2446 FHI e-Breeze Floor Stranding Air Conditioner (2024)-By Electronics World","Air Conditioners"
625,"Kenwood KES-2447FHI eSignature Floor Standing AC","Air Conditioners"
626,"Kenwood KEI-4841FH Imperial 4 Ton Floor Standing AC-By Electronics World","Air Conditioners"
627,"Kenwood KEB-4846FHI e-Breeze Inverter 4 Ton Floor Stranding AC-By Electronics World","Air Conditioners"
628,"TCL 18HEF Extreme Series 1.5 ton INV Air Conditioner-By Electronics World","Air Conditioners"
629,"TCL 12E COOL 1 ton DC Inverter Air Conditioner-By Electronics World","Air Conditioners"
630,"TCL 18E-COOL 1.5 ton Inverter Air Conditioner-By Electronics World","Air Conditioners"
631,"TCL 24E-COOL 2 ton Inverter Air Conditioner-By Electronics World","Air Conditioners"
632,"TCL 18T3B-2 (1.5 Ton) Miracle Series Inverter Split Ac 2024-By Electronics World","Air Conditioners"
633,"TCL 12T3-Pro (1.0 Ton) DC Inverter With Wi-Fi-By Electronics World","Air Conditioners"
634,"TCL TAC-18T3 Pro 1.5 Ton DC Inverter AC-By Electronics World","Air Conditioners"
635,"TCL 24T3 PRO 2.0 Ton Wi-fi Enabled Inverter Split AC-By Electronics World","LED TVs"
636,"TCL TAC-18T5-Smart 1.5 Ton DC Inverter AC","Air Conditioners"
637,"TCL 24T5-SMART-S 2 Ton Inverter Air Conditioner-By Electronics World","Air Conditioners"
638,"TCL Elite TAC-24HEA 2.0 Ton-By Electronics World","Air Conditioners"
639,"TCL FLOOR","Air Conditioners"
640,"TCL TAC-24T3-FH Floor Standing T3 DC Inverter-By Electronics World","Air Conditioners"
641,"HAIER FLOOR","Air Conditioners"
642,"Haier Floor Standing HPU-24HJ/013WSDC(G)-PURIFIER T3 PLUS INVERTER-By Electronics World","Air Conditioners"
643,"Haier Floor Standing HPU-24CE03 AC 2 Ton Non Inverter Cool Only Cabinet  With Kit-By Electronics World","Air Conditioners"
644,"Haier HPU-24HDZ/012DC(G) Duzin Inverter FLOOR AC 2 Ton With Official Warranty-By Electronics World","Air Conditioners"
645,"Haier 24HDZ UV 2.0 Ton Inverter Floor Standing AC-By Electronics World","Air Conditioners"
646,"Haier Floor Standing AC 2-Ton Inverter HPU-24HE/DC with Kit-By Electronics World","Air Conditioners"
647,"Haier Cabinet AC 4 Ton Non Inverter Cool Only HPU-48CE03-(R410a)-By Electronics World","Air Conditioners"
648,"Haier Cabinet Cool Only 4-Ton Inverter HPU-48CE/DC (Cool Only)-By Electronics World","Air Conditioners"
649,"HAIER HPU-48E/DC FLOOR DC Inverter Cabinet Type Air Conditioner (H&C)-By Electronics World","Air Conditioners"
650,"GREE","Air Conditioners"
651,"GREE Split 12CM 11 AC 1 TON Charmo Series (Fixed Speed)-BE-On Installments","Air Conditioners"
652,"GREE Split 18CM 11 AC 1.5 TON Charmo Series (Fixed Speed)-BE-On Installments","Air Conditioners"
653,"GREE Split 24CM 11 AC 2 TON Charmo Series (Fixed Speed)-BE-On Installments","Air Conditioners"
654,"Gree 1 Ton DC Inverter A/C Only Cool GS-12PITH-10W -By Electronics World","Air Conditioners"
655,"Gree 1.5 Ton DC Inverter A/C Only Cool GS-18PITH-10W -By Electronics World","Air Conditioners"
656,"Gree 2 Ton DC Inverter A/C Only Cool GS-24PITH-10W -By Electronics World","Air Conditioners"
657,"Gree GS-12PITH11W Heat & Cool Inverter 1.0 Ton -By Electronics World","Air Conditioners"
658,"Gree GS-18PITH11W Heat & Cool Inverter 1.5 Ton -By Electronics World","Air Conditioners"
659,"Gree GS-24PITH11W Heat & Cool Inverter 2 Ton -By Electronics World","Air Conditioners"
660,"12 PITH 11S","Air Conditioners"
661,"Gree 18PITH11S 1.5-Ton Pular DC Inverter AC Heat and Cool-By Electronics World","Air Conditioners"
662,"GREE 24PITH11S Split AC 2 TON Pular Series (Inverter)-By Electronics World","Air Conditioners"
663,"12 PITH 14S","Air Conditioners"
664,"Gree 18PITH14S 1.5-Ton Pular DC Inverter AC Heat and Cool-By Electronics World","Air Conditioners"
665,"Gree 24PITH14S 2-Ton Pular DC Inverter AC Heat and Cool-By Electronics World","Air Conditioners"
666,"GREE 12 AITH Split AC 1 TON Airy (Inverter)-By Electronics World","Air Conditioners"
667,"GREE 18 AITH Split AC 1.5 TON Airy (Inverter)-By Electronics World","Air Conditioners"
668,"GREE 26 AITH Split AC 2 TON Airy (Inverter)-By Electronics World","Air Conditioners"
669,"GREE Split AC 1.5 TON Fairy Series 18FITH 1 (Inverter)-By Electronics World","Air Conditioners"
670,"GREE Split AC 2 TON Fairy Series 24 FITH 1(Inverter)-By Electronics World","Air Conditioners"
671,"GREE Split AC 2 TON Fairy Series 24 FITH 2(Inverter)-By Electronics World","Air Conditioners"
672,"GREE Split AC 2 TON Fairy Series 24 FITH 3 (Inverter)-By Electronics World","Air Conditioners"
673,"GREE 12 FITH 3W Split AC 1 TON Fairy (Inverter)-By Electronics World","Air Conditioners"
674,"Gree Air Conditioner 1 ton DC Invertor GS 12FITH 6 Wifi-By Electronics worlds","Air Conditioners"
675,"Gree Air Conditioner 1.5 ton DC Invertor GS 18FITH 6 Wifi-By Electronics worlds","Air Conditioners"
676,"Gree Air Conditioner 2 ton DC Invertor GS 24FITH 6 Wifi-By Electronics worlds","Air Conditioners"
677,"Gree GS 18 FITH 7 Split AC Inverter (1.5 Ton) - Fairy Royal-By Electronics World","Air Conditioners"
678,"GREE FLOOR","Air Conditioners"
679,"GREE 24 TF Floor Standing 2 Ton T Fresh (Cool Only)-By Electronics World","Air Conditioners"
680,"GREE 48 TF Floor Standing 4 Ton T Fresh (Cool Only)-By Electronics World","Air Conditioners"
681,"GREE 24 TFIH Floor Standing AC 2 TON - T Fresh (Inverter)-By Electronics World","Air Conditioners"
682,"GREE 36 TFIH Floor Standing AC 3 Ton T Fresh Inverter-By Electronics World","Air Conditioners"
683,"GREE 48 TFIH Floor Standing 4 Ton T Fresh Inverter-By Electronics World","Air Conditioners"
684,"GREE 24 VTIH Value Time Floor Standing AC (Inverter)-By Electronics World","Air Conditioners"
686,"EcoStar AC 1 TON Inverter Imperial/Duke Series (Heat & Cool) W-By Electronics worlds","Air Conditioners"
687,"EcoStar AC 1.5 TON Inverter Imperial/Duke Series (Heat & Cool) W-By Electronics worlds","Air Conditioners"
688,"EcoStar AC 2 TON Inverter Imperial/Duke Series (Heat & Cool) W-By Electronics worlds","Air Conditioners"
689,"EcoStar AC 1 TON Inverter Imperial/Duke Series (Heat & Cool) B/G-By Electronics worlds","Air Conditioners"
690,"EcoStar AC 1.5 TON Inverter Imperial/Duke Series (Heat & Cool) B/G-By Electronics worlds","Air Conditioners"
691,"EcoStar AC 2 TON Inverter Imperial/Duke Series (Heat & Cool) B/G-By Electronics worlds","Air Conditioners"
692,"EcoStar 12Pro T3 Prince Series 1 TON Inverter Split AC (Heat & Cool)-By Electronics World","Air Conditioners"
693,"EcoStar 18Pro T3 Prince Series 1.5 TON Inverter Split AC (Heat & Cool)-By Electronics World","Air Conditioners"
694,"EcoStar 24Pro T3 Prince Series 2 TON Inverter Split AC (Heat & Cool)-By Electronics World","Air Conditioners"
695,"TCL 65 C655 PRO","LED TVs"
696,"TCL 75 C655","LED TVs"
697,"TCL 75 C655 PRO","LED TVs"
698,"TCL 32 L5A","LED TVs"
699,"TCL 40 L5A","LED TVs"
700,"TCL 43 L5A","LED TVs"
701,"TCL 32 S5400","LED TVs"
702,"TCL 40 S5400","LED TVs"
703,"TCL 43 S5400","LED TVs"
704,"TCL 50 V6","LED TVs"
705,"TCL 43 P71B","LED TVs"
706,"TCL 50 P71B","LED TVs"
707,"TCL 55 P71B","LED TVs"
708,"TCL 55 C645","LED TVs"
709,"TCL 43 P755","LED TVs"
710,"TCL 50 P755","LED TVs"
711,"TCL 55 P755","LED TVs"
712,"TCL 65 P755","LED TVs"
713,"TCL 55 P6K","LED TVs"
714,"TCL 65 P6K","LED TVs"
715,"TCL 50 C6KS","LED TVs"
716,"TCL 55 C6KS","LED TVs"
717,"TCL 65 C6KS","LED TVs"
718,"TCL 75 C6KS","LED TVs"
719,"TCL 43 T6C","LED TVs"
720,"TCL 50 T6C","LED TVs"
721,"TCL 55 T6C","LED TVs"
722,"TCL 65 T6C","LED TVs"
723,"TCL 75 T6C","LED TVs"
724,"TCL 85 T6C","LED TVs"
725,"TCL 43 P79K","LED TVs"
726,"TCL 50 P79K","LED TVs"
727,"TCL 55 P79K","LED TVs"
728,"TCL 65 P79K","LED TVs"
729,"TCL 75 P79K","LED TVs"
730,"TCL 85 P79K","LED TVs"
731,"TCL 55 P8K","LED TVs"
732,"TCL 65 P8K","LED TVs"
733,"TCL 75 P8K","LED TVs"
734,"TCL 85 P8K","LED TVs"
735,"TCL 98 P8K","LED TVs"
736,"HAIER LEDs","LED TVs"
737,"40 K66","LED TVs"
738,"43 K66 UG 4K","LED TVs"
739,"32 K800/K801","LED TVs"
740,"43 K800/K801 FX","LED TVs"
741,"43 S800 Q-LED","LED TVs"
742,"50 S800 Q-LED","LED TVs"
743,"55 S800 Q-LED","LED TVs"
744,"75 S800 Q-LED","LED TVs"
745,"32 S80","LED TVs"
746,"50 S80","LED TVs"
747,"55 S80 / S81","LED TVs"
748,"65 S80","LED TVs"
749,"75 S80","LED TVs"
750,"HMW-20 MWS","Microwave Ovens"
751,"HMN 20 MXP5","Microwave Ovens"
752,"HMN 20 MXP6","Microwave Ovens"
753,"HGL 20 MXP7","Microwave Ovens"
754,"HGL 20 MXP8","Microwave Ovens"
755,"HGL-25MXP8","Microwave Ovens"
756,"HMW-20 MHES","Microwave Ovens"
759,"HMO-62 MX80","Microwave Ovens"
760,"HMW-30 AFR","Microwave Ovens"
761,"HMW-30 AFS","Microwave Ovens"
762,"HMW-20 MBS","Microwave Ovens"
763,"HMW-20 MX11","Microwave Ovens"
764,"HMW-20 MX12","Microwave Ovens"
765,"HMW-20 DSS Digital","Microwave Ovens"
766,"HMW-20 DGS GRILL","Microwave Ovens"
768,"HGL-28100","Microwave Ovens"
769,"HMO-45200","Microwave Ovens"
770,"DW-550","Washing Machines"
771,"DW-530","Washing Machines"
773,"DW-395","Washing Machines"
774,"DW-390 S","Washing Machines"
775,"DW-388","Washing Machines"
780,"DW-210 Pro","Washing Machines"
781,"DW-210 Solo","Washing Machines"
785,"DW-133","Washing Machines"
786,"DW-132","Washing Machines"
787,"DW-128","Washing Machines"
788,"DW-115","Washing Machines"
789,"MD-20 INV","Microwave Ovens"
790,"MD-15","Microwave Ovens"
791,"MD-10","Microwave Ovens"
792,"MD-7","Microwave Ovens"
793,"MD-4","Microwave Ovens"
794,"20M Macaroni Solo","Microwave Ovens"
795,"20M Panini Solo","Microwave Ovens"
796,"20M Popcorn Solo","Microwave Ovens"
797,"20D Kabab Solo","Microwave Ovens"
798,"23D Pasta Grill","Microwave Ovens"
799,"23D Roast Grill","Microwave Ovens"
800,"30D Muffin Grill","Microwave Ovens"
801,"34D Pizza Grill","Microwave Ovens"
802,"PMO-20BH CLASSIC PLUS","Microwave Ovens"
803,"PMO-23 SLM","Microwave Ovens"
804,"PMO-23 SLD","Microwave Ovens"
805,"PMO-30 BG","Microwave Ovens"
806,"PMO-38 BG","Microwave Ovens"
807,"PMO-23 DESIRE","Microwave Ovens"
808,"PMO-26 DESIRE","Microwave Ovens"
809,"PMO-30 DESIRE","Microwave Ovens"
810,"PMO-25 CONVECTION","Microwave Ovens"
811,"PMO-26 CHEF","Microwave Ovens"
812,"PWD-215","Water Dispensers"
813,"PWD-315","Water Dispensers"
814,"PWD-425","Water Dispensers"
815,"PWD-525 GD","Water Dispensers"
818,"Crystal/Marvel/Flare 3","Water Dispensers"
819,"HWD-49320","Water Dispensers"
820,"HWD-49432 G","Water Dispensers"
821,"HWD-49331","Water Dispensers"
822,"HWD-49332 P","Water Dispensers"
823,"SUPERASIA","Water Dispensers"
824,"HC 51 B","Water Dispensers"
825,"HC 52 R","Water Dispensers"
826,"HC 53 G","Water Dispensers"
827,"HC 54 G","Water Dispensers"
828,"HC 55 W","Water Dispensers"
829,"HC 56 B","Water Dispensers"
830,"HC 57 W","Water Dispensers"
831,"HAIER FRONT LOAD WASHING MACHINE","Washing Machines"
832,"PRODUCT","Kitchen Appliances"
833,"HAIER HW80-BP12929S6 8 KG Inverter Front Load Washing Machine/On Installments","Washing Machines"
834,"Haier 8kg Front Load Washing Machine HWM 80-BP12929-S3/On Installment","Washing Machines"
835,"Haier 9KG Inverter Front Load Washing Machine HW90-BP14959-S8/On Installment","Washing Machines"
836,"Haier Front Load Wasing Machine  HWM 100-BP14929-S3/On Installment","Washing Machines"
837,"Haier 10.5Kg Washer/Dryer Front Load Washing Machine Wifi HWD 105-B14959-S8U1/On Installment","Washing Machines"
838,"PEL MICROWAVE","Microwave Ovens"
839,"PEL Microwave - PMO-20W Classic (Manual)/On Installment","Microwave Ovens"
840,"PEL Microwave Oven PMO-20 BH Classic Plus/On Installment","Microwave Ovens"
841,"PEL PMO-23 SLM 23 Ltr Desire Microwave Oven/On Installments","Microwave Ovens"
842,"PEL PMO 23 SLD Silver Line Microwave Oven 23 Liter/On Installments","Microwave Ovens"
843,"PEL PMO 30BG Glamour Microwave Oven 30 Ltr/On Istallments","Microwave Ovens"
844,"PEL PMO 38BG Glamour Microwave Oven 38 Ltr/On Installments","Microwave Ovens"
845,"PEL PMO-23 Desire Microwave Oven/On Installments","Microwave Ovens"
846,"PEL PMO-26 Desire Microwave Oven/On Installments","Microwave Ovens"
847,"Pel PMO-30 Desire Microwave Oven 30 Litres/On Installments","Microwave Ovens"
848,"PEL PMO-25 Convection Microwave Oven/On Installments","Microwave Ovens"
849,"PEL PMO-26 Chef Digital Microwave Oven/On Installments","Microwave Ovens"
851,"PHILLIPS COFFEE MACHINE","Kitchen Appliances"
852,"Philips Espresso EP2220 Fully automatic espresso machines/On Installments","Kitchen Appliances"
853,"PHILLIPS Espresso Machines EP2230/On Installments","Kitchen Appliances"
854,"Philips EP3246/70 Fully automatic espresso machines/On Installments","Kitchen Appliances"
855,"TCL AC","Air Conditioners"
856,"TCL Elite TAC-24HEA 2 Ton-BE-On Installments","Kitchen Appliances"
857,"DW MD-4  White","Microwave Ovens"
858,"DW MD-4  black","Microwave Ovens"
859,"DW MD-7","Microwave Ovens"
860,"DW MD-10","Microwave Ovens"
861,"DW MD-15","Microwave Ovens"
862,"DW DW-115","Washing Machines"
863,"DW DW-128","Washing Machines"
864,"DW DW-131HP","Washing Machines"
865,"DW DW-132","Washing Machines"
866,"DW DW-133","Washing Machines"
867,"DW DW-136","Washing Machines"
868,"DW DW-142","Washing Machines"
869,"DW DW-162","Washing Machines"
870,"DW DW-210","Washing Machines"
871,"DW DW-220","Washing Machines"
872,"DW DW-295","Washing Machines"
873,"DW DW-297","Washing Machines"
874,"DW DW-299 dss","Washing Machines"
875,"DW DW-330 ds","Washing Machines"
876,"DW DW-374","Washing Machines"
877,"DW DW-390","Washing Machines"
878,"DW DW-393 G","Washing Machines"
881,"HMW-25mxp9","Microwave Ovens"
883,"HMW-32300","Microwave Ovens"
885,"OR POPCORN-20M","Microwave Ovens"
889,"2800 R","Kitchen Appliances"
890,"2310","Kitchen Appliances"
891,"4800","Kitchen Appliances"
892,"4500","Kitchen Appliances"
893,"6300","Kitchen Appliances"
894,"CITRUS JUICER","Kitchen Appliances"
895,"SANDWICH MAKER","Kitchen Appliances"
896,"6093","Kitchen Appliances"
897,"6193","Kitchen Appliances"
898,"6293","Kitchen Appliances"
899,"6686","Kitchen Appliances"
900,"6697","Kitchen Appliances"
901,"ROTI MAKER / INDUCTION COOKER / HOT PLATE","Kitchen Appliances"
902,"6514","Kitchen Appliances"
903,"HAIR STRAIGHTNER - HAIR DRYER","Washing Machines"
904,"6807","Kitchen Appliances"
905,"6808","Kitchen Appliances"
906,"6809","Kitchen Appliances"
907,"6810","Kitchen Appliances"
908,"6811","Kitchen Appliances"
909,"6201","Kitchen Appliances"
910,"6217","Kitchen Appliances"
911,"6203","Kitchen Appliances"
912,"6270","Kitchen Appliances"
913,"6259","Kitchen Appliances"
914,"6260","Kitchen Appliances"
915,"6280","Kitchen Appliances"
916,"HUMIDIFIER","Kitchen Appliances"
917,"1201","Kitchen Appliances"
919,"GARMENT STEAMER","Kitchen Appliances"
920,"1154","Kitchen Appliances"
921,"1155","Kitchen Appliances"
922,"1156","Kitchen Appliances"
923,"1253","Kitchen Appliances"
924,"1353","Kitchen Appliances"
925,"1153","Kitchen Appliances"
926,"Juicer / Blender","Kitchen Appliances"
927,"7201","Kitchen Appliances"
928,"7901","Kitchen Appliances"
929,"7501","Kitchen Appliances"
930,"7701","Kitchen Appliances"
931,"1846","Kitchen Appliances"
932,"1833","Kitchen Appliances"
933,"2409","Kitchen Appliances"
934,"8813","Kitchen Appliances"
935,"8823","Kitchen Appliances"
936,"8814","Kitchen Appliances"
937,"8824","Kitchen Appliances"
938,"HARD JUICER","Kitchen Appliances"
939,"2405","Kitchen Appliances"
940,"5160","Kitchen Appliances"
941,"5161","Kitchen Appliances"
942,"1186","Kitchen Appliances"
943,"KETTLES","Kitchen Appliances"
944,"3117","Kitchen Appliances"
945,"3118","Kitchen Appliances"
946,"3119","Kitchen Appliances"
947,"8266","Kitchen Appliances"
948,"8267","Kitchen Appliances"
949,"8269","Kitchen Appliances"
950,"8270","Kitchen Appliances"
951,"6178","Kitchen Appliances"
952,"6170","Kitchen Appliances"
953,"6171","Kitchen Appliances"
954,"6172","Kitchen Appliances"
955,"6173","Kitchen Appliances"
956,"6174","Kitchen Appliances"
957,"6175","Kitchen Appliances"
958,"6275","Kitchen Appliances"
959,"IRON","Kitchen Appliances"
960,"2386","Kitchen Appliances"
961,"2432","Kitchen Appliances"
962,"2020","Kitchen Appliances"
963,"2451","Kitchen Appliances"
964,"2064","Kitchen Appliances"
965,"2065","Kitchen Appliances"
966,"2063","Kitchen Appliances"
967,"BLENDERs","Kitchen Appliances"
968,"7181","Kitchen Appliances"
969,"7182","Kitchen Appliances"
970,"7381","Kitchen Appliances"
971,"7382","Kitchen Appliances"
972,"9291","Kitchen Appliances"
973,"9292","Kitchen Appliances"
974,"9491","Kitchen Appliances"
975,"9492","Kitchen Appliances"
976,"COFFEE GRINDER & MAKER","Kitchen Appliances"
977,"9225","Kitchen Appliances"
978,"2023","Kitchen Appliances"
979,"2024","Kitchen Appliances"
980,"9228","Kitchen Appliances"
981,"9226","Kitchen Appliances"
982,"2025","Kitchen Appliances"
983,"FOOD FACTORY","Kitchen Appliances"
984,"8818","Kitchen Appliances"
985,"2803","Kitchen Appliances"
986,"2804","Kitchen Appliances"
987,"2805","Kitchen Appliances"
988,"3804","Kitchen Appliances"
989,"1844","Kitchen Appliances"
990,"1851","Kitchen Appliances"
991,"1853","Kitchen Appliances"
992,"1860","Kitchen Appliances"
993,"4805","Kitchen Appliances"
994,"4806","Kitchen Appliances"
995,"5805","Kitchen Appliances"
996,"5806","Kitchen Appliances"
997,"7805","Kitchen Appliances"
998,"7806","Kitchen Appliances"
999,"8815","Kitchen Appliances"
1000,"8817","Kitchen Appliances"
1001,"8819","Kitchen Appliances"
1002,"HAND MIXER","Kitchen Appliances"
1003,"9202","Kitchen Appliances"
1004,"9301","Kitchen Appliances"
1005,"9401","Kitchen Appliances"
1006,"9501","Kitchen Appliances"
1007,"9601","Kitchen Appliances"
1008,"9701","Kitchen Appliances"
1009,"4201","Kitchen Appliances"
1010,"9804","Kitchen Appliances"
1011,"9802","Kitchen Appliances"
1012,"9901","Kitchen Appliances"
1013,"9914","Kitchen Appliances"
1014,"9915","Kitchen Appliances"
1015,"9916","Kitchen Appliances"
1016,"9801","Kitchen Appliances"
1017,"9805","Kitchen Appliances"
1018,"9814","Kitchen Appliances"
1019,"9815","Kitchen Appliances"
1020,"9816","Kitchen Appliances"
1021,"9714","Kitchen Appliances"
1022,"9715","Kitchen Appliances"
1023,"COMPANY","Kitchen Appliances"
1024,"PEL WD","Water Dispensers"
1025,"ORIENT WD","Water Dispensers"
1026,"Dawlance WM","Washing Machines"
1027,"HAIER WM","Washing Machines"
1028,"HAIER AC","Air Conditioners"
1029,"HAIER MW","Microwave Ovens"
1030,"BOSS","Kitchen Appliances"
1031,"Homage WD","Kitchen Appliances"
1032,"Dawlance M/w","Microwave Ovens"
1033,"Dawlance AC Split","Air Conditioners"
1034,"PEL WATER DISPENSER","Water Dispensers"
1035,"PEL 215 Pearl Water Dispenser (Without Refrigerator Compartment)/On Installments","Refrigerators"
1036,"PEL Water Dispenser PWD-315 Smart/On Installments","Water Dispensers"
1037,"PEL 316 Premier Water Dispenser/On Installments","Water Dispensers"
1038,"PEL Water Dispenser PWD-425 Flat GD/On Installments","Water Dispensers"
1039,"PEL 525 Curved Glassdoor Dispenser/On Installments","Water Dispensers"
1040,"Dawlance DS-6000 Spinner Dryer-By Electronics World","Washing Machines"
1041,"Dawlance DW-6100-W Single Tub-By Electronics World","Washing Machines"
1042,"Dawlance DW-6100 W Advanco-By Electronics World","Washing Machines"
1043,"Dawlance DW-6550 Twin Tub-By Electronics World","Washing Machines"
1044,"Dawlance DW-7200 Single Tub-By Electronics World","Washing Machines"
1045,"Dawlance DW-7500 C Twin Tub-By Electronics World","Washing Machines"
1046,"Dawlance DW-7500 G Twin Tub-By Electronics Worlds","Washing Machines"
1047,"Dawlance DS-9000 Spinner Dryer-By Electronics World","Washing Machines"
1048,"Dawlance DW-9100 Advanco Single Tub Washer-By Electronics World","Washing Machines"
1049,"Dawlance DW 9100 Glass Lid Single Tub Washer-By Electronics World","Washing Machines"
1050,"Dawlance DW 9200 WFL-By Electronics World","Washing Machines"
1051,"Dawlance DW 9200 CFL-By Electronics World","Washing Machines"
1052,"Dawlance 8550 Twin Tub-By Electronics World","Washing Machines"
1053,"Dawlance DW-10500 SEMi-AUTO TWIN-By Electronics World","Washing Machines"
1054,"Dawlance DW-260 LVS-By Electronics World","Washing Machines"
1055,"DWT-270 C LVS+ -By Electronics World","Washing Machines"
1056,"Dawlance DW-1165-By Electronics World","Washing Machines"
1057,"Dawlance DW-1167 FLP-By Electronics World","Washing Machines"
1058,"DW-11467 es","Washing Machines"
1059,"Dawlance DW-1167 FLT-By Electronics World","Washing Machines"
1060,"Dawlance DW-1775-By Electronics World","Washing Machines"
1061,"Dawlance DW-1166 ADS-By Electronics World","Washing Machines"
1062,"Dawlance DW-1470 PL-By Electronics World","Washing Machines"
1063,"Dawlance DW-1471 FLP-By Electronics World","Washing Machines"
1064,"Dawlance DW-9060-By Electronics World","Washing Machines"
1065,"DWT 9540","Washing Machines"
1067,"Haier HWM 60-50 Spinner-By Electronics World","Washing Machines"
1068,"Haier HWM 80-1217  8KG-By Electronics World","Washing Machines"
1069,"Haier HWM-120-35 Washer-By Electronics World","Washing Machines"
1070,"Haier HWM-130-1217 Semi Auto Series-By Electronics World","Washing Machines"
1071,"Haier HWM-75 AS Twin Tub-By Electronics World","Washing Machines"
1072,"Haier HWM-80 AS Twin Tub-By Electronics World","Washing Machines"
1073,"Haier HWM 100 AS Twin Tub-By Electronics World","Washing Machines"
1074,"HAIER HWM 100 CS TWIN TUB-By Electronics World","Washing Machines"
1075,"Haier HWM 100 BS Twin Tub-By Electronics World","Washing Machines"
1076,"Haier HWM-120 AS Washer and Spinner-By Electronics World","Washing Machines"
1077,"Haier HWM-80-186 Semi Automatic-By Electronics World","Washing Machines"
1078,"Haier HWM 110-186 Twin Tub-By Electronics World","Washing Machines"
1079,"HAIER HWM-80-1269 X Automatic Top Load -By Electronics World","Washing Machines"
1080,"HAIER HWM 85-826 E Full Automatic 8.5kg Top Load Washing Machine-By Electronics World","Washing Machines"
1081,"HAIER HWM 90-1708 Automatic Top Load 9 Kg-By Electronics World","Washing Machines"
1082,"Haier HWM 90-826 90-826-9 kg Fully Auto Washing Machine-By Electronics World","Washing Machines"
1084,"Haier HWM 90-1789-9kg Fully Automatic Top Loading Washing Machine-By Electronics World","Washing Machines"
1085,"Haier HWM 95-1678 ES8/JT-9.5 Kg Top Load Automatic Washing Machine-By Electronics World","Washing Machines"
1086,"100-1678 E","Washing Machines"
1087,"Haier HWM-120-826 E-12 kg Fully Auto Washing Machine-By Electronics World","Washing Machines"
1088,"Haier HWM-120-826 B-Top-Load 12kg Automatic Washing-By Electronics World","Washing Machines"
1089,"Haier HWM 120-1789-Top load Washing Machine 12 KG -By Electronics World","Washing Machines"
1090,"Haier HWM 120-1678-Washing Machine 12Kgs Top Loading -By Electronics World","Washing Machines"
1091,"HWM 120-1678 ES9","Washing Machines"
1092,"Haier HWM-120 1978-Top Load Automatic Washing Machine-By Electronics World","Washing Machines"
1093,"Haier HWM 150-1708-15Kg Top Load Fully Automatic Washing Machine-By Electronics World","Washing Machines"
1094,"Haier HWM 150-B1678 ES8-15 KG Top Load Automatic Washing Machine -By Electronics World","Washing Machines"
1095,"Haier HWM 150-1978-15 KG Top Load Fully Automatic Washing Machine-By Electronics World","Washing Machines"
1096,"Haier HW-80 BP12929 S3-8kg Front Load Washing Machine-By Electronics World","Washing Machines"
1097,"Haier HW 80-BP 12929 S6- Front Load Washing Machine-By Electronics World","Washing Machines"
1098,"Haier HW-90 BP 14959 S8-Automatic Front Load-By Electronics World","Washing Machines"
1100,"Haier HW 100-BP14929 S3-Front Load Fully Automatic-By Electronics World","Washing Machines"
1101,"HW-120-BP14929 S6","Washing Machines"
1102,"HW-105 B14959 S8 UI","Washing Machines"
1103,"Orient Twister 1350 12 Kg Metallic Grey Washing Machine-By Electronics World","Washing Machines"
1104,"Orient Twister 1150 10 Kg Metallic Grey Washing Machine-By Electronics World","Washing Machines"
1105,"PEL PWMS-8050-By Electronics World","Washing Machines"
1106,"PEL PWMS-1250-By Electronics World","Washing Machines"
1107,"PEL PWMS-1050-By Electronics World","Washing Machines"
1108,"PEL PAWM 900-By Electronics World","Washing Machines"
1109,"PEL PAWM 900i-By Electronincs World","Washing Machines"
1110,"PEL PAWM 1100-By Electronics World","Washing Machines"
1111,"PEL PAWM 1100i-By Electronics World","Washing Machines"
1112,"SuperAsia SA 110-By Electronics World","Washing Machines"
1113,"SuperAsia SA 111-By Electronics World","Washing Machines"
1114,"SuperAsia SA 210-By Electronics World","Washing Machines"
1115,"SuperAsia SA 240 Shower wash-By Electronics World","Washing Machines"
1116,"SuperAsia SA 255-By Electronics World","Washing Machines"
1117,"SuperAsia SA 260-By Electronics World","Washing Machines"
1118,"SuperAsia SA 270-By Electronics World","Washing Machines"
1119,"SuperAsia SA 272-By Electronics World","Washing Machines"
1120,"SuperAsia SA-280 Grand Wash-By Electronics World","Washing Machines"
1121,"SuperAsia SA 290-By Electronics World","Washing Machines"
1122,"SuperAsia SA 241 Smart Wash-By Electronics World","Washing Machines"
1123,"SuperAsia SA-242 Clean Wash-By Electronics World","Washing Machines"
1124,"SuperAsia SA-244 Super Style-By Electronics World","Washing Machines"
1125,"SuperAsia SA-245 Easy Wash-By Electronics World","Washing Machines"
1126,"SuperAsia SA-518-By Electronics World","Washing Machines"
1127,"SuperAsia SD-525-By electronics World","Washing Machines"
1128,"SuperAsia SD-540-By Electronics World","Washing Machines"
1129,"SuperAsia 7kg Dryer Steel SA-550-By Electronics World","Washing Machines"
1130,"SuperAsia SA 555-By Electronics World","Washing Machines"
1131,"ROYAL","Washing Machines"
1132,"Royal Washing Machine RW-1010 FT-By Electronics World","Washing Machines"
1133,"Royal Washing Machine 1012 FB Single-By Electronics World","Washing Machines"
1134,"Royal Washing Machine RW-1014 ST-By Electronics World","Washing Machines"
1135,"Royal 10 KG Single Tub Washer RW-1016FT Semi Automatic-By Electronics World","Washing Machines"
1136,"8090","Washing Machines"
1137,"8092","Washing Machines"
1138,"8094","Washing Machines"
1139,"9096","Washing Machines"
1140,"Royal RD-110 Spin Dryer-By Electronics World","Washing Machines"
1141,"Royal Spinner Machine RD-112T-By Electronics World","Washing Machines"
1142,"Royal RWM-8010 Washing Machine-By Electronics World","Washing Machines"
1143,"Royal RWM-8012  Washing Machine 8.5KG-By Electronics World","Washing Machines"
1144,"Kenwood 10KG Twin Tub Washing Machine KWM-1012-By Electronics World","Washing Machines"
1145,"Kenwood 9KG Twin Tub Washing Machine KWM-950 SA-By Electronics World","Washing Machines"
1146,"Kenwood 21059 Twin Tub Washing Machine (10 kg)-By Electronics World","Washing Machines"
1147,"Kenwood KWM 211059 SAG 10KG-By electronics World","Washing Machines"
1148,"Kenwood 21159 Twin Tub Washing Machine (11 KG)-By Electronics World","Washing Machines"
1149,"Kenwood KWM 231159 Twin Tub Washing Machine SAG 11 KG-By Electronics World","Washing Machines"
1150,"Kenwood KWM-899 Single Tub Grey Washer 8 KG Washing Machine-By Electronics World","Washing Machines"
1151,"Kenwood KWS-1050 Single Tub Spiner 10 Kg Spin Dryer-By Electronics World","Washing Machines"
1152,"Homage HW-49112  Washing Machine Glass Top 11 KG-By Electronics World","Washing Machines"
1153,"Homage HW-49112 SAP Washing Machine 11KG Twin Tub -By Electronics World","Washing Machines"
1154,"Homage HW-49102SAP Semi-Automatic Washing Machine SPARKLE Series-By Electronics World","Washing Machines"
1155,"Homage HW-49102 Semi-Automatic Glass Door Washing Machine-By Electronics World","Washing Machines"
1156,"Homage HW-4991WP Single Tub Washer-By Electronics World","Washing Machines"
1157,"Homage HW-49101SP Spin Dryer-By Electronics World","Washing Machines"
1159,"DW-10600","Washing Machines"
1160,"HAIER AUTOMATIC","Washing Machines"
1161,"Front Load Washing Machine","Washing Machines"
1162,"HW-105-B 14959 S8","Washing Machines"
1163,"HWD-105 149 With dryer","Washing Machines"
1164,"1099","Kitchen Appliances"
1165,"1043","Kitchen Appliances"
1166,"1044","Kitchen Appliances"
1167,"1046","Kitchen Appliances"
1168,"MEAT MINCER / RICE COOKER","Kitchen Appliances"
1169,"1036","Kitchen Appliances"
1170,"3040","Kitchen Appliances"
1171,"5350","Kitchen Appliances"
1172,"KITCHEN ROBOT","Kitchen Appliances"
1173,"496 C","Kitchen Appliances"
1174,"497 C","Kitchen Appliances"
1175,"4981","Kitchen Appliances"
1176,"495 C","Kitchen Appliances"
1177,"VACCUM CLEANER","Kitchen Appliances"
1178,"3669","Kitchen Appliances"
1179,"3469","Kitchen Appliances"
1180,"3569","Kitchen Appliances"
1181,"MICRO OVEN","Microwave Ovens"
1182,"HEATER","Kitchen Appliances"
1183,"5145","Kitchen Appliances"
1184,"5146","Kitchen Appliances"
1185,"5147","Kitchen Appliances"
1186,"5307","Kitchen Appliances"
1187,"POP-UP TOASTER","Kitchen Appliances"
1188,"2542","Kitchen Appliances"
1189,"2538","Kitchen Appliances"
1190,"2589","Kitchen Appliances"
1191,"2528","Kitchen Appliances"
1192,"2533","Kitchen Appliances"
1193,"MANUAL ITEM","Kitchen Appliances"
