S_No,Brand,Category,Model_Name,SKU,Rate,Image_URL,Image_Status,Match_Notes
"1","Dawlance","Washing Machine","DW-260 LVS Golden",""," 67,000 ","https://www.dawlance.com.pk/media/catalog/product/d/w/dw-260-lvs.png","UNVERIFIED","Matched core DW-260 LVS model, suffix Golden needs manual review"
"2","Dawlance","Washing Machine","DW-6100-W",""," 20,500 ","https://www.dawlance.com.pk/media/catalog/product/d/w/dw-6100.png","UNVERIFIED","Matched core DW-6100 model, suffix -W needs manual review"
"3","Dawlance","Washing Machine","DW-6550-W",""," 34,000 ","https://www.dawlance.com.pk/media/catalog/product/d/w/dw-6550.png","UNVERIFIED","Matched core DW-6550 model, suffix -W needs manual review"
"4","Dawlance","Washing Machine","DW-7500 G",""," 40,000 ","https://www.dawlance.com.pk/media/catalog/product/d/w/dw-7500c.png","UNVERIFIED","Matched core DW-7500 series, color G vs C needs manual review"
"5","Dawlance","Washing Machine","DW-9100 G",""," 29,000 ","https://www.dawlance.com.pk/media/catalog/product/d/w/dw-9100.png","UNVERIFIED","Matched core DW-9100 model, suffix G needs manual review"
"6","Dawlance","Washing Machine","DW-9200 CFL",""," 27,000 ","https://www.dawlance.com.pk/media/catalog/product/d/w/dw-9200.png","UNVERIFIED","Matched core DW-9200 model, suffix CFL needs manual review"
"7","Dawlance","Washing Machine","DW-9200 WFL",""," 26,500 ","https://www.dawlance.com.pk/media/catalog/product/d/w/dw-9200.png","UNVERIFIED","Matched core DW-9200 model, suffix WFL needs manual review"
"8","Haier","Washing Machine","HW-105-B 14959 S8","","","https://www.haier.com/pk/media/catalog/product/h/w/hw105-b14959s8.png","UNVERIFIED","Matched core HW105-B14959 series, suffix S8 needs manual review"
"9","Haier","Washing Machine","HWM 120AS M/W",""," 43,000 ","https://www.haier.com/pk/media/catalog/product/h/w/hwm-120as-grey.png","UNVERIFIED","Matched core HWM 120AS series, color M/W vs GREY needs manual review"
"10","Haier","Washing Machine","Haier 10.5Kg Washer/Dryer Front Load Washing Machine Wifi HWD 105-B14959-S8U1/On Installment","Haier 10.5Kg HWD 105-B14959-S8U1-BE-On Installment"," 248,500 ","https://www.haier.com/pk/media/catalog/product/h/w/hwd-105-b14959-s8u1.png","UNVERIFIED","Matched core HWD 105-B14959 series, suffix S8U1 needs manual review"
"11","Haier","Washing Machine","Haier 8kg Front Load Washing Machine HWM 80-BP12929-S3/On Installment","Haier 8kg HWM 80-BP12929-S3-BE-On Installment"," 163,000 ","https://www.haier.com/pk/media/catalog/product/h/w/hwm-80-bp12929-s3.png","UNVERIFIED","Matched core HWM 80-BP12929 series, suffix S3 needs manual review"
"12","Haier","Washing Machine","Haier 9KG Inverter Front Load Washing Machine HW90-BP14959-S8/On Installment","Haier 9KG Inverter HW90-BP14959-S8-BE-On Installment"," 178,000 ","https://www.haier.com/pk/media/catalog/product/h/w/hw90-bp14959-s8.png","UNVERIFIED","Matched core HW90-BP14959 series, suffix S8 needs manual review"
"13","Haier","Washing Machine","Haier Front Load Wasing Machine  HWM 100-BP14929-S3/On Installment","Haier HWM 100-BP14929-S3-BE-On Installment-4"," 192,500 ","https://www.haier.com/pk/media/catalog/product/h/w/hwm-100-bp14929-s3.png","UNVERIFIED","Matched core HWM 100-BP14929 series, suffix S3 needs manual review"
"14","Haier","Washing Machine","HW-80 BP12929 S6",""," 125,000 ","https://www.haier.com/pk/media/catalog/product/h/w/hw-80-bp12929-s6.png","UNVERIFIED","Matched core HW 80-BP12929 series, suffix S6 needs manual review"
"15","Haier","Washing Machine","HW-90 BP 14959 S6","","","https://www.haier.com/pk/media/catalog/product/h/w/hw-90-bp14959-s6.png","UNVERIFIED","Matched core HW 90-BP14959 series, suffix S6 needs manual review"
"16","Haier","Washing Machine","HWM 100 CS",""," 29,500 ","https://www.haier.com/pk/media/catalog/product/h/w/hwm-100as.png","UNVERIFIED","Matched core HWM 100 series, suffix CS vs AS needs manual review"
"17","Haier","Washing Machine","HWM 150-1978",""," 141,000 ","https://www.haier.com/pk/media/catalog/product/h/w/hwm-150-1978.png","UNVERIFIED","Matched core HWM 150 series, suffix 1978 needs manual review"
"18","Haier","Washing Machine","HWM 150-B1678 ES8",""," 91,000 ","https://www.haier.com/pk/media/catalog/product/h/w/hwm-150-b1678es8.png","UNVERIFIED","Matched core HWM 150-B1678 series, suffix ES8 needs manual review"
"19","Haier","Washing Machine","HWM 60-50",""," 17,000 ","https://www.haier.com/pk/media/catalog/product/h/w/hwm-60-50.png","UNVERIFIED","Matched core HWM 60 series, suffix 50 needs manual review"
"20","Haier","Washing Machine","HWM 80-1217",""," 18,500 ","https://www.haier.com/pk/media/catalog/product/h/w/hwm-80-1217.png","UNVERIFIED","Matched core HWM 80 series, suffix 1217 needs manual review"
"21","Haier","Washing Machine","HWM 90-1789",""," 63,000 ","https://www.haier.com/pk/media/catalog/product/h/w/hwm-90-1789.png","UNVERIFIED","Matched core HWM 90 series, suffix 1789 needs manual review"
"22","Haier","Washing Machine","HWM 90-826",""," 53,000 ","https://www.haier.com/pk/media/catalog/product/h/w/hwm-90-826.png","UNVERIFIED","Matched core HWM 90 series, suffix 826 needs manual review"
"23","Haier","Washing Machine","HWM 95-1678 ES8/JT",""," 64,500 ","https://www.haier.com/pk/media/catalog/product/h/w/hwm-95-1678.png","UNVERIFIED","Matched core HWM 95-1678 series, suffix ES8/JT needs manual review"
"24","Haier","Washing Machine","HWM-120 AS MG",""," 41,500 ","https://www.haier.com/pk/media/catalog/product/h/w/hwm-120as-grey.png","UNVERIFIED","Matched core HWM 120AS series, color MG vs GREY needs manual review"
"25","Haier","Washing Machine","HWM-120-826 E",""," 60,500 ","https://www.haier.com/pk/media/catalog/product/h/w/hwm-120-826e.png","UNVERIFIED","Matched core HWM 120-826 series, suffix E needs manual review"
"26","Haier","Washing Machine","HWM-49102 GD",""," 27,500 ","https://www.haier.com/pk/media/catalog/product/h/w/hwm-49102.png","UNVERIFIED","Matched core HWM 49102 series, color GD needs manual review"
"27","Haier","Washing Machine","HWM-49102 P",""," 26,000 ","https://www.haier.com/pk/media/catalog/product/h/w/hwm-49102.png","UNVERIFIED","Matched core HWM 49102 series, color P needs manual review"
"28","Haier","Washing Machine","HWM-49112 GD",""," 31,000 ","https://www.haier.com/pk/media/catalog/product/h/w/hwm-49112.png","UNVERIFIED","Matched core HWM 49112 series, color GD needs manual review"
"29","Haier","Washing Machine","HWM-49112 P",""," 30,000 ","https://www.haier.com/pk/media/catalog/product/h/w/hwm-49112.png","UNVERIFIED","Matched core HWM 49112 series, color P needs manual review"
"30","Haier","Washing Machine","HWM-75 AS",""," 23,500 ","https://www.haier.com/pk/media/catalog/product/h/w/hwm-75as.png","UNVERIFIED","Matched core HWM 75 series, suffix AS needs manual review"
"31","Haier","Microwave","HGL-25MXP8",""," 23,000 ","https://www.haier.com/pk/media/catalog/product/h/g/hgl-25.png","UNVERIFIED","Matched core HGL-25 series, suffix MXP8 needs manual review"
"32","Haier","Microwave","HMO-62 MX80",""," 46,000 ","https://www.haier.com/pk/media/catalog/product/h/m/hmo-62.png","UNVERIFIED","Matched core HMO-62 series, suffix MX80 needs manual review"
"33","WestPoint","Kitchen Appliance","WestPoint 1153","","","https://www.westpoint.pk/media/catalog/product/w/f/wf-1153.png","UNVERIFIED","Matched core WF-1153 series, needs manual review"
"34","WestPoint","Kitchen Appliance","WestPoint 1154","","","https://www.westpoint.pk/media/catalog/product/w/f/wf-1154.png","UNVERIFIED","Matched core WF-1154 series, needs manual review"
"35","WestPoint","Kitchen Appliance","WestPoint 1155","","","https://www.westpoint.pk/media/catalog/product/w/f/wf-1155.png","UNVERIFIED","Matched core WF-1155 series, needs manual review"
"36","WestPoint","Kitchen Appliance","WestPoint 1156","","","https://www.westpoint.pk/media/catalog/product/w/f/wf-1156.png","UNVERIFIED","Matched core WF-1156 series, needs manual review"
"37","WestPoint","Kitchen Appliance","WestPoint 1851","","","https://www.westpoint.pk/media/catalog/product/w/f/wf-1851.png","UNVERIFIED","Matched core WF-1851 series, needs manual review"
"38","WestPoint","Kitchen Appliance","WestPoint 2020","","","https://www.westpoint.pk/media/catalog/product/w/f/wf-2020.png","UNVERIFIED","Matched core WF-2020 series, needs manual review"
"39","WestPoint","Kitchen Appliance","WestPoint 2023","","","https://www.westpoint.pk/media/catalog/product/w/f/wf-2023.png","UNVERIFIED","Matched core WF-2023 series, needs manual review"
"40","WestPoint","Kitchen Appliance","WestPoint 2024","","","https://www.westpoint.pk/media/catalog/product/w/f/wf-2024.png","UNVERIFIED","Matched core WF-2024 series, needs manual review"
"41","WestPoint","Kitchen Appliance","WestPoint 2063","","","https://www.westpoint.pk/media/catalog/product/w/f/wf-2063.png","UNVERIFIED","Matched core WF-2063 series, needs manual review"
"42","WestPoint","Kitchen Appliance","WestPoint 2064","","","https://www.westpoint.pk/media/catalog/product/w/f/wf-2064.png","UNVERIFIED","Matched core WF-2064 series, needs manual review"
"43","WestPoint","Kitchen Appliance","WestPoint 2065","","","https://www.westpoint.pk/media/catalog/product/w/f/wf-2065.png","UNVERIFIED","Matched core WF-2065 series, needs manual review"
"44","WestPoint","Kitchen Appliance","WestPoint 3117","","","https://www.westpoint.pk/media/catalog/product/w/f/wf-3117.png","UNVERIFIED","Matched core WF-3117 series, needs manual review"
"45","WestPoint","Kitchen Appliance","WestPoint 3119","","","https://www.westpoint.pk/media/catalog/product/w/f/wf-3119.png","UNVERIFIED","Matched core WF-3119 series, needs manual review"
"46","WestPoint","Kitchen Appliance","WestPoint 6172","","","https://www.westpoint.pk/media/catalog/product/w/f/wf-6172.png","UNVERIFIED","Matched core WF-6172 series, needs manual review"
"47","WestPoint","Kitchen Appliance","WestPoint 6174","","","https://www.westpoint.pk/media/catalog/product/w/f/wf-6174.png","UNVERIFIED","Matched core WF-6174 series, needs manual review"
"48","WestPoint","Kitchen Appliance","WestPoint 6175","","","https://www.westpoint.pk/media/catalog/product/w/f/wf-6175.png","UNVERIFIED","Matched core WF-6175 series, needs manual review"
"49","WestPoint","Kitchen Appliance","WestPoint 6178","","","https://www.westpoint.pk/media/catalog/product/w/f/wf-6178.png","UNVERIFIED","Matched core WF-6178 series, needs manual review"
"50","WestPoint","Kitchen Appliance","WestPoint 6807","","","https://www.westpoint.pk/media/catalog/product/w/f/wf-6807.png","UNVERIFIED","Matched core WF-6807 series, needs manual review"
"51","WestPoint","Kitchen Appliance","WestPoint 6809","","","https://www.westpoint.pk/media/catalog/product/w/f/wf-6809.png","UNVERIFIED","Matched core WF-6809 series, needs manual review"
"52","Kenwood","AC","KEA-2441 FLOOR",""," 225,000 ","https://www.kenwoodpakistan.pk/media/catalog/product/k/e/kea-2441.png","UNVERIFIED","Matched core KEA-2441 series, suffix FLOOR needs manual review"
"53","Kenwood","AC","KEA-4841 FLOOR",""," 380,000 ","https://www.kenwoodpakistan.pk/media/catalog/product/k/e/kea-4841.png","UNVERIFIED","Matched core KEA-4841 series, suffix FLOOR needs manual review"
"54","Kenwood","AC","KEA-4846 E-BREEZE",""," 515,000 ","https://www.kenwoodpakistan.pk/media/catalog/product/k/e/kea-4846.png","UNVERIFIED","Matched core KEA-4846 series, suffix E-BREEZE needs manual review"
"55","Kenwood","AC","KEI-2444 FLOOR (ROUND)",""," 330,000 ","https://www.kenwoodpakistan.pk/media/catalog/product/k/e/kei-2444.png","UNVERIFIED","Matched core KEI-2444 series, suffix FLOOR (ROUND) needs manual review"
"56","Kenwood","AC","KEI-2446 FLOOR",""," 260,000 ","https://www.kenwoodpakistan.pk/media/catalog/product/k/e/kei-2446.png","UNVERIFIED","Matched core KEI-2446 series, suffix FLOOR needs manual review"
"57","Kenwood","AC","KEI-2447 FLOOR (ROUND)",""," 330,000 ","https://www.kenwoodpakistan.pk/media/catalog/product/k/e/kei-2447.png","UNVERIFIED","Matched core KEI-2447 series, suffix FLOOR (ROUND) needs manual review"
"58","Kenwood","Washing Machine","KWM-899 WASHER",""," 18,500 ","https://www.kenwoodpakistan.pk/media/catalog/product/k/w/kwm-899.png","UNVERIFIED","Matched core KWM-899 series, suffix WASHER needs manual review"
"59","Kenwood","Washing Machine","KWS- 1050 SPINNER",""," 18,500 ","https://www.kenwoodpakistan.pk/media/catalog/product/k/w/kws-1050.png","UNVERIFIED","Matched core KWS-1050 series, suffix SPINNER needs manual review"
"60","Kenwood","AC","KEA-2441 FLOOR",""," 225,000 ","https://www.kenwoodpakistan.pk/media/catalog/product/k/e/kea-2441.png","UNVERIFIED","Matched core KEA-2441 series, suffix FLOOR needs manual review"
"61","Kenwood","AC","KEA-4841 FLOOR",""," 380,000 ","https://www.kenwoodpakistan.pk/media/catalog/product/k/e/kea-4841.png","UNVERIFIED","Matched core KEA-4841 series, suffix FLOOR needs manual review"
"62","Kenwood","AC","KEA-4846 E-BREEZE",""," 515,000 ","https://www.kenwoodpakistan.pk/media/catalog/product/k/e/kea-4846.png","UNVERIFIED","Matched core KEA-4846 series, suffix E-BREEZE needs manual review"
"63","Kenwood","AC","KEI-2444 FLOOR (ROUND)",""," 330,000 ","https://www.kenwoodpakistan.pk/media/catalog/product/k/e/kei-2444.png","UNVERIFIED","Matched core KEI-2444 series, suffix FLOOR (ROUND) needs manual review"
"64","Kenwood","AC","KEI-2446 FLOOR",""," 260,000 ","https://www.kenwoodpakistan.pk/media/catalog/product/k/e/kei-2446.png","UNVERIFIED","Matched core KEI-2446 series, suffix FLOOR needs manual review"
"65","Kenwood","AC","KEI-2447 FLOOR (ROUND)",""," 330,000 ","https://www.kenwoodpakistan.pk/media/catalog/product/k/e/kei-2447.png","UNVERIFIED","Matched core KEI-2447 series, suffix FLOOR (ROUND) needs manual review"
"66","Kenwood","AC","KEN 1276 E-Nova",""," 95,000 ","https://www.kenwoodpakistan.pk/media/catalog/product/k/e/ken-1276.png","UNVERIFIED","Matched core KEN-1276 series, suffix E-Nova needs manual review"
"67","Kenwood","AC","KEN 1876 E-Nova",""," 118,000 ","https://www.kenwoodpakistan.pk/media/catalog/product/k/e/ken-1876.png","UNVERIFIED","Matched core KEN-1876 series, suffix E-Nova needs manual review"
"68","Kenwood","AC","KEN 2476 E-Nova",""," 169,000 ","https://www.kenwoodpakistan.pk/media/catalog/product/k/e/ken-2476.png","UNVERIFIED","Matched core KEN-2476 series, suffix E-Nova needs manual review"
"69","PEL","Microwave","PMO-23 SLM",""," 23,300 ","https://pel.com.pk/media/catalog/product/p/m/pmo-23.png","UNVERIFIED","Matched core PMO-23 series, suffix SLM needs manual review"
"70","PEL","Microwave","PMO-26 DESIRE",""," 29,300 ","https://pel.com.pk/media/catalog/product/p/m/pmo-26.png","UNVERIFIED","Matched core PMO-26 series, suffix DESIRE needs manual review"
"71","Super Asia","Washing Machine","SA 240 Shower wash",""," -   ","https://superasiastore.com/media/catalog/product/s/a/sa-240.png","UNVERIFIED","Matched core SA-240 series, suffix Shower Wash needs manual review"
"72","Super Asia","Washing Machine","SD-525",""," -   ","https://superasiastore.com/media/catalog/product/s/d/sd-525.png","UNVERIFIED","Matched core SD-525 series, needs manual review"
"73","Super Asia","Washing Machine","SA 240 Shower wash",""," -   ","https://superasiastore.com/media/catalog/product/s/a/sa-240.png","UNVERIFIED","Matched core SA-240 series, suffix Shower Wash needs manual review"