S_No,Brand,Category,Model_Name,SKU,Rate,Reason_Unmatched
"1","AC","AC","10 LF",""," 92,000 ","No exact model match on official brand site"
"2","AC","AC","12 CF",""," 88,000 ","No exact model match on official brand site"
"3","AC","AC","12 FITH 6C/S",""," 146,000 ","No exact model match on official brand site"
"4","AC","AC","12 T3 PRO",""," 119,000 ","No exact model match on official brand site"
"5","AC","AC","12G Frost Everest",""," 99,000 ","No exact model match on official brand site"
"6","AC","AC","12e Cool",""," 91,000 ","No exact model match on official brand site"
"7","AC","AC","13 LF",""," 97,500 ","No exact model match on official brand site"
"8","AC","AC","15 Enercon",""," -   ","No exact model match on official brand site"
"9","AC","AC","15 Inspire",""," 102,000 ","No exact model match on official brand site"
"10","AC","AC","15 Mega Flex",""," 114,000 ","No exact model match on official brand site"
"11","AC","AC","15 Mega T+",""," 116,500 ","No exact model match on official brand site"
"12","AC","AC","15 Powercon",""," 101,000 ","No exact model match on official brand site"
"13","AC","AC","15 Sprinter",""," 101,000 ","No exact model match on official brand site"
"14","AC","AC","18 AITH",""," 225,000 ","No exact model match on official brand site"
"15","AC","AC","18 FITH 6C/S",""," 181,000 ","No exact model match on official brand site"
"16","AC","AC","18 HEF",""," -   ","No exact model match on official brand site"
"17","AC","AC","18 HFC",""," 129,000 ","No exact model match on official brand site"
"18","AC","AC","18 HFP",""," 144,000 ","No exact model match on official brand site"
"19","AC","AC","18 HJ",""," 205,000 ","No exact model match on official brand site"
"20","AC","AC","18 HJ UV",""," 181,000 ","No exact model match on official brand site"
"21","AC","AC","18 T3 PRO",""," 164,000 ","No exact model match on official brand site"
"22","AC","AC","18 T3B",""," 160,000 ","No exact model match on official brand site"
"23","AC","AC","18G Frost Everest",""," 124,000 ","No exact model match on official brand site"
"24","AC","AC","18e Cool",""," 118,000 ","No exact model match on official brand site"
"25","AC","AC","19 HFC",""," 130,000 ","No exact model match on official brand site"
"26","AC","AC","19 HFP",""," 145,000 ","No exact model match on official brand site"
"27","AC","AC","19 LF",""," 122,500 ","No exact model match on official brand site"
"28","AC","AC","2 Ton Floor Inv 24 T3",""," 265,000 ","No exact model match on official brand site"
"29","AC","AC","20 Chrome",""," 110,000 ","No exact model match on official brand site"
"30","AC","AC","20 Frost",""," 102,000 ","No exact model match on official brand site"
"31","AC","AC","20 HFTEX Grey",""," 163,000 ","No exact model match on official brand site"
"32","AC","AC","20 HFTEX White",""," 161,000 ","No exact model match on official brand site"
"33","AC","AC","24 AK FLOOR INV T3",""," 278,000 ","No exact model match on official brand site"
"34","AC","AC","24 CEO3",""," 215,000 ","No exact model match on official brand site"
"35","AC","AC","24 CF",""," 156,500 ","No exact model match on official brand site"
"36","AC","AC","24 FITH 1",""," 260,000 ","No exact model match on official brand site"
"37","AC","AC","24 FITH 6C/S",""," 245,000 ","No exact model match on official brand site"
"38","AC","AC","24 HD/Z W",""," 268,000 ","No exact model match on official brand site"
"39","AC","AC","24 HDZ UV",""," 270,000 ","No exact model match on official brand site"
"40","AC","AC","24 HE/DC",""," 238,500 ","No exact model match on official brand site"
"41","AC","AC","24 HEA",""," 172,000 ","No exact model match on official brand site"
"42","AC","AC","24 HF",""," 187,000 ","No exact model match on official brand site"
"43","AC","AC","24 HJ FLOOR",""," 295,000 ","No exact model match on official brand site"
"44","AC","AC","24 T3 PRO",""," 183,000 ","No exact model match on official brand site"
"45","AC","AC","24 TF",""," 273,000 ","No exact model match on official brand site"
"46","AC","AC","24 TFIH",""," 337,000 ","No exact model match on official brand site"
"47","AC","AC","24 VTIH",""," 430,000 ","No exact model match on official brand site"
"48","AC","AC","24e Cool",""," 160,000 ","No exact model match on official brand site"
"49","AC","AC","26 AITH",""," 268,000 ","No exact model match on official brand site"
"50","AC","AC","30 Avante White",""," 141,000 ","No exact model match on official brand site"
"51","AC","AC","30 Chrome",""," 130,000 ","No exact model match on official brand site"
"52","AC","AC","30 Enercon",""," -   ","No exact model match on official brand site"
"53","AC","AC","30 Excel",""," 133,500 ","No exact model match on official brand site"
"54","AC","AC","30 Extreme",""," -   ","No exact model match on official brand site"
"55","AC","AC","30 Frost",""," 123,000 ","No exact model match on official brand site"
"56","AC","AC","30 Magna",""," 143,000 ","No exact model match on official brand site"
"57","AC","AC","30 Magna T3",""," 154,000 ","No exact model match on official brand site"
"58","AC","AC","30 Mega Flex",""," 151,000 ","No exact model match on official brand site"
"59","AC","AC","30 Powercon",""," 124,500 ","No exact model match on official brand site"
"60","AC","AC","30 Prima PurSense",""," 180,000 ","No exact model match on official brand site"
"61","AC","AC","30 Sprinter",""," 124,500 ","No exact model match on official brand site"
"62","AC","AC","30 Suave+ (Silver)",""," 129,000 ","No exact model match on official brand site"
"63","AC","AC","30 Suave+ (White)",""," 127,000 ","No exact model match on official brand site"
"64","AC","AC","36 TFIH",""," 430,000 ","No exact model match on official brand site"
"65","AC","AC","45 Gallant",""," 320,000 ","No exact model match on official brand site"
"66","AC","AC","45 Glamour",""," 312,000 ","No exact model match on official brand site"
"67","AC","AC","48 CE/DC",""," 444,000 ","No exact model match on official brand site"
"68","AC","AC","48 CEO3",""," 334,000 ","No exact model match on official brand site"
"69","AC","AC","48 EDC",""," 487,000 ","No exact model match on official brand site"
"70","AC","AC","48 TF",""," 540,000 ","No exact model match on official brand site"
"71","AC","AC","48 TFIH",""," 630,000 ","No exact model match on official brand site"
"72","Chrome","AC","Chrome + 45",""," 210,000 ","No exact model match on official brand site"
"73","Ecostar","AC","Ecostar Emperor/Duke 2 TON B/G",""," 178,000 ","No exact model match on official brand site"
"74","ETech","AC","ETech 12",""," 120,000 ","No exact model match on official brand site"
"75","ETech","AC","ETech 18",""," 159,000 ","No exact model match on official brand site"
"76","Hyper","AC","Hyper T3 S",""," 155,000 ","No exact model match on official brand site"
"77","Hyper","AC","Hyper T3 W",""," 153,000 ","No exact model match on official brand site"
"78","KEA-1861","AC","KEA-1861",""," -   ","No exact model match on official brand site"
"79","KEA-2441","AC","KEA-2441 FLOOR",""," 225,000 ","No exact model match on official brand site"
"80","KEA-2462","AC","KEA-2462",""," 187,000 ","No exact model match on official brand site"
"81","KEA-4841","AC","KEA-4841 FLOOR",""," 380,000 ","No exact model match on official brand site"
"82","KEA-4846","AC","KEA-4846 E-BREEZE",""," 515,000 ","No exact model match on official brand site"
"83","KEI-2443","AC","KEI-2443 FLOOR",""," -   ","No exact model match on official brand site"
"84","KEI-2444","AC","KEI-2444 FLOOR (ROUND)",""," 330,000 ","No exact model match on official brand site"
"85","KEI-2446","AC","KEI-2446 FLOOR",""," 260,000 ","No exact model match on official brand site"
"86","KEI-2447","AC","KEI-2447 FLOOR (ROUND)",""," 330,000 ","No exact model match on official brand site"
"87","KEL-1867","AC","KEL-1867",""," 158,000 ","No exact model match on official brand site"
"88","KEL-2470","AC","KEL-2470",""," 222,000 ","No exact model match on official brand site"
"89","KEN","AC","KEN 1274",""," 111,000 ","No exact model match on official brand site"
"90","KEN","AC","KEN 1275",""," 111,000 ","No exact model match on official brand site"
"91","KEN","AC","KEN 1873",""," 129,000 ","No exact model match on official brand site"
"92","KEN","AC","KEN 1874",""," 129,000 ","No exact model match on official brand site"
"93","KEN","AC","KEN 2473",""," 196,000 ","No exact model match on official brand site"
"94","KEN","AC","KEN 2474",""," 196,000 ","No exact model match on official brand site"
"95","KEO","AC","KEO 1875",""," 129,000 ","No exact model match on official brand site"
"96","KEO","AC","KEO 2475",""," 196,000 ","No exact model match on official brand site"
"97","KES","AC","KES 1270",""," 127,000 ","No exact model match on official brand site"
"98","KES","AC","KES 1271",""," -   ","No exact model match on official brand site"
"99","KES","AC","KES 1870",""," 161,000 ","No exact model match on official brand site"
"100","KES","AC","KES 1871",""," 161,000 ","No exact model match on official brand site"
"101","MAX","AC","MAX 18",""," 137,000 ","No exact model match on official brand site"
"102","Dawlance","Washing Machine","DW-14470 ES","","","No exact model match on official brand site"
"103","Dawlance","Washing Machine","DW-6550 G",""," 39,000 ","No exact model match on official brand site"
"104","Dawlance","Washing Machine","DW-7200",""," 21,000 ","No exact model match on official brand site"
"105","DW-260","Washing Machine","DW-260 LVS Golden",""," 67,000 ","No exact model match on official brand site"
"106","DW-6000","Washing Machine","DW-6000",""," 16,500 ","No exact model match on official brand site"
"107","DW-6100-W","Washing Machine","DW-6100-W",""," 20,500 ","No exact model match on official brand site"
"108","DW-6550-W","Washing Machine","DW-6550-W",""," 34,000 ","No exact model match on official brand site"
"109","DW-7200","Washing Machine","DW-7200 CFL",""," 20,500 ","No exact model match on official brand site"
"110","DW-7200","Washing Machine","DW-7200 WFL",""," 20,500 ","No exact model match on official brand site"
"111","DW-7500","Washing Machine","DW-7500 G",""," 40,000 ","No exact model match on official brand site"
"112","DW-9000","Washing Machine","DW-9000",""," 23,500 ","No exact model match on official brand site"
"113","DW-9100","Washing Machine","DW-9100 G",""," 29,000 ","No exact model match on official brand site"
"114","DW-9200","Washing Machine","DW-9200 CFL",""," 27,000 ","No exact model match on official brand site"
"115","DW-9200","Washing Machine","DW-9200 WFL",""," 26,500 ","No exact model match on official brand site"
"116","DWT-270","Washing Machine","DWT-270 C LVS+",""," 77,000 ","No exact model match on official brand site"
"117","Haier","Washing Machine","HW-105-B 14959 S8","","","No exact model match on official brand site"
"118","Haier","Washing Machine","HWM 120-1678",""," 102,000 ","No exact model match on official brand site"
"119","Haier","Washing Machine","HWM 120AS M/W",""," 43,000 ","No exact model match on official brand site"
"120","Haier","Washing Machine","HWM 85-826",""," 53,000 ","No exact model match on official brand site"
"121","Haier","Washing Machine","HWM-130-1217",""," 24,000 ","No exact model match on official brand site"
"122","Haier","Washing Machine","HWM-150-1789",""," 93,000 ","No exact model match on official brand site"
"123","Haier","Washing Machine","Haier 10.5Kg Washer/Dryer Front Load Washing Machine Wifi HWD 105-B14959-S8U1/On Installment","Haier 10.5Kg HWD 105-B14959-S8U1-BE-On Installment"," 248,500 ","No exact model match on official brand site"
"124","Haier","Washing Machine","Haier 8kg Front Load Washing Machine HWM 80-BP12929-S3/On Installment","Haier 8kg HWM 80-BP12929-S3-BE-On Installment"," 163,000 ","No exact model match on official brand site"
"125","Haier","Washing Machine","Haier 9KG Inverter Front Load Washing Machine HW90-BP14959-S8/On Installment","Haier 9KG Inverter HW90-BP14959-S8-BE-On Installment"," 178,000 ","No exact model match on official brand site"
"126","Haier","Washing Machine","Haier Front Load Wasing Machine  HWM 100-BP14929-S3/On Installment","Haier HWM 100-BP14929-S3-BE-On Installment-4"," 192,500 ","No exact model match on official brand site"
"127","Haier","Washing Machine","PEL Microwave Oven PMO-20 BH Classic Plus/On Installment","PEL PMO-20BH Classic Plus-BE-On Installment"," 23,500 ","No exact model match on official brand site"
"128","Haier","Washing Machine","PEL PMO 30BG Glamour Microwave Oven 30 Ltr/On Istallments","PEL PMO-30BG Glamour 30Ltr-BE-On Istallments-4"," 38,500 ","No exact model match on official brand site"
"129","Haier","Washing Machine","PEL PMO 38BG Glamour Microwave Oven 38 Ltr/On Installments","PEL PMO 38BG Glamour 38 Ltr-BE-On Installments-4"," 44,000 ","No exact model match on official brand site"
"130","Haier","Washing Machine","PEL PMO-23 Desire Microwave Oven/On Installments","PEL PMO-23 Desire-BE-On Installments-4"," 32,500 ","No exact model match on official brand site"
"131","Haier","Washing Machine","PEL PMO-23 SLM 23 Ltr Desire Microwave Oven/On Installments","PEL PMO-23SLM 23Ltr Desire MWO-BE-On Installments"," 28,500 ","No exact model match on official brand site"
"132","Haier","Washing Machine","PEL PMO-25 Convection Microwave Oven/On Installments","PEL PMO-25 Convection-BE-On Installments"," 43,000 ","No exact model match on official brand site"
"133","Haier","Washing Machine","PEL PMO-26 Chef Digital Microwave Oven/On Installments","PEL PMO-26 Chef Digital-BE-On Installments"," 37,000 ","No exact model match on official brand site"
"134","Haier","Washing Machine","PEL PMO-26 Desire Microwave Oven/On Installments","PEL PMO-26 Desire -BE-On Installments"," 35,500 ","No exact model match on official brand site"
"135","Haier","Washing Machine","Pel PMO-30 Desire Microwave Oven 30 Litres/On Installments","Pel PMO-30 Desire -BE-On Installments"," 40,500 ","No exact model match on official brand site"
"136","Haier","Washing Machine","Philips Espresso EP2220 Fully automatic espresso machines/On Installments","Philips Espresso EP2220-BE-On Installments-4"," 160,000 ","No exact model match on official brand site"
"137","Haier","Washing Machine","TCL Elite TAC-24HEA 2 Ton-BE-On Installments","TCL Elite TAC-24HEA 2 Ton-BE-On Installments"," 198,400 ","No exact model match on official brand site"
"138","HW-80","Washing Machine","HW-80 BP12929 S6",""," 125,000 ","No exact model match on official brand site"
"139","HW-90","Washing Machine","HW-90 BP 14959 S6","","","No exact model match on official brand site"
"140","HWM","Washing Machine","HWM 100 AS","","","No exact model match on official brand site"
"141","HWM","Washing Machine","HWM 100 BS","","","No exact model match on official brand site"
"142","HWM","Washing Machine","HWM 100 CS",""," 29,500 ","No exact model match on official brand site"
"143","HWM","Washing Machine","HWM 100-1678 E","","","No exact model match on official brand site"
"144","HWM","Washing Machine","HWM 120-1678 ES9",""," 74,000 ","No exact model match on official brand site"
"145","HWM","Washing Machine","HWM 150-1978",""," 141,000 ","No exact model match on official brand site"
"146","HWM","Washing Machine","HWM 150-B1678 ES8",""," 91,000 ","No exact model match on official brand site"
"147","HWM","Washing Machine","HWM 60-50",""," 17,000 ","No exact model match on official brand site"
"148","HWM","Washing Machine","HWM 80 AS","","","No exact model match on official brand site"
"149","HWM","Washing Machine","HWM 80-1217",""," 18,500 ","No exact model match on official brand site"
"150","HWM","Washing Machine","HWM 90-1789",""," 63,000 ","No exact model match on official brand site"
"151","HWM","Washing Machine","HWM 90-826",""," 53,000 ","No exact model match on official brand site"
"152","HWM","Washing Machine","HWM 95-1678 ES8/JT",""," 64,500 ","No exact model match on official brand site"
"153","HWM-120","Washing Machine","HWM-120 1978",""," 123,500 ","No exact model match on official brand site"
"154","HWM-120","Washing Machine","HWM-120 AS MG",""," 41,500 ","No exact model match on official brand site"
"155","HWM-120-35","Washing Machine","HWM-120-35",""," 24,500 ","No exact model match on official brand site"
"156","HWM-120-826","Washing Machine","HWM-120-826 E",""," 60,500 ","No exact model match on official brand site"
"157","HWM-130-1217","Washing Machine","HWM-130-1217 GB",""," 25,000 ","No exact model match on official brand site"
"158","HWM-49101Spinner","Washing Machine","HWM-49101Spinner",""," 17,500 ","No exact model match on official brand site"
"159","HWM-49102","Washing Machine","HWM-49102 GD",""," 27,500 ","No exact model match on official brand site"
"160","HWM-49102","Washing Machine","HWM-49102 P",""," 26,000 ","No exact model match on official brand site"
"161","HWM-49112","Washing Machine","HWM-49112 GD",""," 31,000 ","No exact model match on official brand site"
"162","HWM-49112","Washing Machine","HWM-49112 P",""," 30,000 ","No exact model match on official brand site"
"163","HWM-4991","Washing Machine","HWM-4991",""," 17,700 ","No exact model match on official brand site"
"164","HWM-75","Washing Machine","HWM-75 AS",""," 23,500 ","No exact model match on official brand site"
"165","HWM-80-1269","Washing Machine","HWM-80-1269 X","","","No exact model match on official brand site"
"166","KWM-21059","Washing Machine","KWM-21059",""," 29,500 ","No exact model match on official brand site"
"167","KWM-211059","Washing Machine","KWM-211059",""," 28,500 ","No exact model match on official brand site"
"168","KWM-231159","Washing Machine","KWM-231159",""," 32,000 ","No exact model match on official brand site"
"169","KWM-899","Washing Machine","KWM-899 WASHER",""," 18,500 ","No exact model match on official brand site"
"170","KWS-","Washing Machine","KWS- 1050 SPINNER",""," 18,500 ","No exact model match on official brand site"
"171","PAWM","Washing Machine","PAWM 1100",""," 71,000 ","No exact model match on official brand site"
"172","PAWM","Washing Machine","PAWM 900",""," 57,000 ","No exact model match on official brand site"
"173","PAWM","Washing Machine","PAWM 900i",""," 62,000 ","No exact model match on official brand site"
"174","PEL","Washing Machine","SA 233",""," 21,500 ","No exact model match on official brand site"
"175","PEL","Washing Machine","SA 570",""," 19,900 ","No exact model match on official brand site"
"176","PEL","Washing Machine","SA 572",""," 19,900 ","No exact model match on official brand site"
"177","RD-110","Washing Machine","RD-110 Dryer",""," 20,500 ","No exact model match on official brand site"
"178","RD-112","Washing Machine","RD-112 T Dryer",""," 21,500 ","No exact model match on official brand site"
"179","RWM-1010","Washing Machine","RWM-1010 SB",""," 21,000 ","No exact model match on official brand site"
"180","RWM-1012","Washing Machine","RWM-1012 FB",""," 21,000 ","No exact model match on official brand site"
"181","RWM-1014","Washing Machine","RWM-1014 ST",""," 22,000 ","No exact model match on official brand site"
"182","RWM-1016","Washing Machine","RWM-1016 FT",""," 22,000 ","No exact model match on official brand site"
"183","RWM-8010","Washing Machine","RWM-8010",""," 30,500 ","No exact model match on official brand site"
"184","RWM-8012","Washing Machine","RWM-8012",""," 31,500 ","No exact model match on official brand site"
"185","RWM-8090","Washing Machine","RWM-8090",""," 18,000 ","No exact model match on official brand site"
"186","RWM-8092","Washing Machine","RWM-8092",""," 18,000 ","No exact model match on official brand site"
"187","RWM-8094","Washing Machine","RWM-8094",""," 18,500 ","No exact model match on official brand site"
"188","RWM-9096","Washing Machine","RWM-9096",""," 18,500 ","No exact model match on official brand site"
"189","SA","Washing Machine","SA 110",""," 9,000 ","No exact model match on official brand site"
"190","SA","Washing Machine","SA 111",""," 19,200 ","No exact model match on official brand site"
"191","SA","Washing Machine","SA 210",""," 12,500 ","No exact model match on official brand site"
"192","SA","Washing Machine","SA 240 Shower wash",""," -   ","No exact model match on official brand site"
"193","SA","Washing Machine","SA 242",""," -   ","No exact model match on official brand site"
"194","SA","Washing Machine","SA 245",""," -   ","No exact model match on official brand site"
"195","SA","Washing Machine","SA 255",""," 19,200 ","No exact model match on official brand site"
"196","SA","Washing Machine","SA 260",""," 19,700 ","No exact model match on official brand site"
"197","SA","Washing Machine","SA 270",""," -   ","No exact model match on official brand site"
"198","SA","Washing Machine","SA 280",""," -   ","No exact model match on official brand site"
"199","SA","Washing Machine","SA 290",""," -   ","No exact model match on official brand site"
"200","SA","Washing Machine","SA 550",""," -   ","No exact model match on official brand site"
"201","SA","Washing Machine","SA 555",""," -   ","No exact model match on official brand site"
"202","SA-540","Washing Machine","SA-540",""," -   ","No exact model match on official brand site"
"203","SD-525","Washing Machine","SD-525",""," -   ","No exact model match on official brand site"
"204","Twister","Washing Machine","Twister 1150",""," 70,000 ","No exact model match on official brand site"
"205","Twister","Washing Machine","Twister 1350",""," 88,000 ","No exact model match on official brand site"
"206","DW-210","Microwave","DW-210 Solo",""," 15,700 ","No exact model match on official brand site"
"207","HAIER","Microwave","HMW-20MX12 SOLO","Haier HMW-20MX12 SOLO Microwave Oven-BE-On Installments"," 20,500 ","No exact model match on official brand site"
"208","HAIER","Microwave","HMW-23200 GRILL","Haier HMW-23200 Grill Series-BE-On Installments"," 33,000 ","No exact model match on official brand site"
"209","HGL","Microwave","HGL 20 MXP7",""," 13,500 ","No exact model match on official brand site"
"210","HGL","Microwave","HGL 20 MXP8",""," 13,500 ","No exact model match on official brand site"
"211","HGL-25MXP8","Microwave","HGL-25MXP8",""," 23,000 ","No exact model match on official brand site"
"212","HMN","Microwave","HMN 20 MXP5",""," 13,500 ","No exact model match on official brand site"
"213","HMN","Microwave","HMN 20 MXP6",""," 13,500 ","No exact model match on official brand site"
"214","HMO-45200","Microwave","HMO-45200",""," 38,000 ","No exact model match on official brand site"
"215","HMO-62","Microwave","HMO-62 MX80",""," 46,000 ","No exact model match on official brand site"
"216","HMW-20","Microwave","HMW-20 DGS GRILL",""," 20,000 ","No exact model match on official brand site"
"217","HMW-20","Microwave","HMW-20 DSS Digital",""," 17,000 ","No exact model match on official brand site"
"218","HMW-20","Microwave","HMW-20 MBS",""," 13,500 ","No exact model match on official brand site"
"219","HMW-20","Microwave","HMW-20 MHES",""," 16,500 ","No exact model match on official brand site"
"220","HMW-20","Microwave","HMW-20 MWS",""," 13,500 ","No exact model match on official brand site"
"221","HMW-20","Microwave","HMW-20 MX11",""," 14,000 ","No exact model match on official brand site"
"222","HMW-20","Microwave","HMW-20 MX12",""," 14,000 ","No exact model match on official brand site"
"223","HMW-30","Microwave","HMW-30 AFR",""," 49,000 ","No exact model match on official brand site"
"224","HMW-30","Microwave","HMW-30 AFS",""," 49,000 ","No exact model match on official brand site"
"225","MD-10","Microwave","MD-10",""," 17,500 ","No exact model match on official brand site"
"226","MD-15","Microwave","MD-15",""," 15,000 ","No exact model match on official brand site"
"227","MD-20","Microwave","MD-20 INV",""," 16,500 ","No exact model match on official brand site"
"228","MD-4","Microwave","MD-4",""," 16,500 ","No exact model match on official brand site"
"229","MD-7","Microwave","MD-7",""," 18,500 ","No exact model match on official brand site"
"230","Microwave","Microwave","20D Kabab Solo",""," 19,000 ","No exact model match on official brand site"
"231","Microwave","Microwave","20M Macaroni Solo",""," 15,000 ","No exact model match on official brand site"
"232","Microwave","Microwave","20M Panini Solo",""," 15,000 ","No exact model match on official brand site"
"233","Microwave","Microwave","20M Popcorn Solo",""," 18,000 ","No exact model match on official brand site"
"234","Microwave","Microwave","23D Pasta Grill",""," 25,500 ","No exact model match on official brand site"
"235","Microwave","Microwave","23D Roast Grill",""," 25,500 ","No exact model match on official brand site"
"236","Microwave","Microwave","30D Muffin Grill",""," 34,800 ","No exact model match on official brand site"
"237","Microwave","Microwave","34D Pizza Grill",""," 36,000 ","No exact model match on official brand site"
"238","Orient","Microwave","Kabab 20D Solo Black","Orient Kabab 20D Solo Black-BE-On Installments"," 24,000 ","No exact model match on official brand site"
"239","Orient","Microwave","Macaroni 20M Solo Black","Orient Macaroni 20M Solo Black-BE-On Installments"," 19,500 ","No exact model match on official brand site"
"240","Orient","Microwave","Muffin 30D","Orient Muffin 30D Grill Black-BE-On Instalmments"," 42,000 ","No exact model match on official brand site"
"241","Orient","Microwave","Panini 20M Solo Black","Orient Panini 20M Solo Black-BE-On Installments"," 19,500 ","No exact model match on official brand site"
"242","Orient","Microwave","Pasta 23D Solo Black","Orient Pasta 23D Solo Black-BE-On Installments"," 31,000 ","No exact model match on official brand site"
"243","Orient","Microwave","Pizza 34D","Orient Pizza 34D Grill Black-BE-On Insrallments"," 43,000 ","No exact model match on official brand site"
"244","Orient","Microwave","Popcorn 20M Solo Black","Orient Popcorn 20M Solo Black-BE-On Installments"," 22,500 ","No exact model match on official brand site"
"245","Orient","Microwave","Roast 23D Solo Black","Orient Roast 23D Grill Black-BE-On Installments"," 31,000 ","No exact model match on official brand site"
"246","PMO-23","Microwave","PMO-23 SLM",""," 23,300 ","No exact model match on official brand site"
"247","PMO-26","Microwave","PMO-26 DESIRE",""," 29,300 ","No exact model match on official brand site"
"248","Crystal/Marvel/Flare","Water Dispenser","Crystal/Marvel/Flare 3",""," 37,500 ","No exact model match on official brand site"
"249","HC","Water Dispenser","HC 51 B",""," 33,000 ","No exact model match on official brand site"
"250","HC","Water Dispenser","HC 52 R",""," 33,000 ","No exact model match on official brand site"
"251","HC","Water Dispenser","HC 53 G",""," 33,000 ","No exact model match on official brand site"
"252","HC","Water Dispenser","HC 54 G",""," 33,000 ","No exact model match on official brand site"
"253","HC","Water Dispenser","HC 55 W",""," 33,000 ","No exact model match on official brand site"
"254","HC","Water Dispenser","HC 56 B",""," 33,000 ","No exact model match on official brand site"
"255","HC","Water Dispenser","HC 57 W",""," 33,000 ","No exact model match on official brand site"
"256","WestPoint","Kitchen Appliance","WestPoint 1153","","","No exact model match on official brand site"
"257","WestPoint","Kitchen Appliance","WestPoint 1154","","","No exact model match on official brand site"
"258","WestPoint","Kitchen Appliance","WestPoint 1155","","","No exact model match on official brand site"
"259","WestPoint","Kitchen Appliance","WestPoint 1156","","","No exact model match on official brand site"
"260","WestPoint","Kitchen Appliance","WestPoint 1186","","","No exact model match on official brand site"
"261","WestPoint","Kitchen Appliance","WestPoint 1203","","","No exact model match on official brand site"
"262","WestPoint","Kitchen Appliance","WestPoint 1253","","","No exact model match on official brand site"
"263","WestPoint","Kitchen Appliance","WestPoint 1353","","","No exact model match on official brand site"
"264","WestPoint","Kitchen Appliance","WestPoint 1833","","","No exact model match on official brand site"
"265","WestPoint","Kitchen Appliance","WestPoint 1844","","","No exact model match on official brand site"
"266","WestPoint","Kitchen Appliance","WestPoint 1846","","","No exact model match on official brand site"
"267","WestPoint","Kitchen Appliance","WestPoint 1851","","","No exact model match on official brand site"
"268","WestPoint","Kitchen Appliance","WestPoint 1853","","","No exact model match on official brand site"
"269","WestPoint","Kitchen Appliance","WestPoint 1860","","","No exact model match on official brand site"
"270","WestPoint","Kitchen Appliance","WestPoint 2020","","","No exact model match on official brand site"
"271","WestPoint","Kitchen Appliance","WestPoint 2023","","","No exact model match on official brand site"
"272","WestPoint","Kitchen Appliance","WestPoint 2024","","","No exact model match on official brand site"
"273","WestPoint","Kitchen Appliance","WestPoint 2025","","","No exact model match on official brand site"
"274","WestPoint","Kitchen Appliance","WestPoint 2063","","","No exact model match on official brand site"
"275","WestPoint","Kitchen Appliance","WestPoint 2064","","","No exact model match on official brand site"
"276","WestPoint","Kitchen Appliance","WestPoint 2065","","","No exact model match on official brand site"
"277","WestPoint","Kitchen Appliance","WestPoint 2386","","","No exact model match on official brand site"
"278","WestPoint","Kitchen Appliance","WestPoint 2405","","","No exact model match on official brand site"
"279","WestPoint","Kitchen Appliance","WestPoint 2409","","","No exact model match on official brand site"
"280","WestPoint","Kitchen Appliance","WestPoint 2432","","","No exact model match on official brand site"
"281","WestPoint","Kitchen Appliance","WestPoint 2451","","","No exact model match on official brand site"
"282","WestPoint","Kitchen Appliance","WestPoint 2803","","","No exact model match on official brand site"
"283","WestPoint","Kitchen Appliance","WestPoint 2805","","","No exact model match on official brand site"
"284","WestPoint","Kitchen Appliance","WestPoint 3117","","","No exact model match on official brand site"
"285","WestPoint","Kitchen Appliance","WestPoint 3118","","","No exact model match on official brand site"
"286","WestPoint","Kitchen Appliance","WestPoint 3119","","","No exact model match on official brand site"
"287","WestPoint","Kitchen Appliance","WestPoint 312","","","No exact model match on official brand site"
"288","WestPoint","Kitchen Appliance","WestPoint 313","","","No exact model match on official brand site"
"289","WestPoint","Kitchen Appliance","WestPoint 314","","","No exact model match on official brand site"
"290","Dawlance","Washing Machine","DW-14470 ES","","","No exact model match on www.dawlance.com.pk"
"291","Dawlance","Washing Machine","DW-6550 G",""," 39,000 ","No exact model match on www.dawlance.com.pk"
"292","Dawlance","Washing Machine","DW-7200",""," 21,000 ","No exact model match on www.dawlance.com.pk"
"293","Dawlance","Washing Machine","DW-260 LVS Golden",""," 67,000 ","No exact model match on www.dawlance.com.pk"
"294","Dawlance","Washing Machine","DW-6000",""," 16,500 ","No exact model match on www.dawlance.com.pk"
"295","Dawlance","Washing Machine","DW-6100-W",""," 20,500 ","No exact model match on www.dawlance.com.pk"
"296","Dawlance","Washing Machine","DW-6550-W",""," 34,000 ","No exact model match on www.dawlance.com.pk"
"297","Dawlance","Washing Machine","DW-7200 CFL",""," 20,500 ","No exact model match on www.dawlance.com.pk"
"298","Dawlance","Washing Machine","DW-7200 WFL",""," 20,500 ","No exact model match on www.dawlance.com.pk"
"299","Dawlance","Washing Machine","DW-7500 G",""," 40,000 ","No exact model match on www.dawlance.com.pk"
"300","Dawlance","Washing Machine","DW-9000",""," 23,500 ","No exact model match on www.dawlance.com.pk"
"301","Dawlance","Washing Machine","DW-9100 G",""," 29,000 ","No exact model match on www.dawlance.com.pk"
"302","Dawlance","Washing Machine","DW-9200 CFL",""," 27,000 ","No exact model match on www.dawlance.com.pk"
"303","Dawlance","Washing Machine","DW-9200 WFL",""," 26,500 ","No exact model match on www.dawlance.com.pk"
"304","Dawlance","Washing Machine","DWT-270 C LVS+",""," 77,000 ","No exact model match on www.dawlance.com.pk"
"305","Dawlance","Microwave","DW-210 Solo",""," 15,700 ","No exact model match on www.dawlance.com.pk"
"306","Haier","Washing Machine","HW-105-B 14959 S8","","","No exact model match or potential duplicate on www.haier.com/pk"
"307","Haier","Washing Machine","HWM 120AS M/W",""," 43,000 ","No exact model match or potential duplicate on www.haier.com/pk"
"308","Haier","Washing Machine","PEL Microwave Oven PMO-20 BH Classic Plus/On Installment","PEL PMO-20BH Classic Plus-BE-On Installment"," 23,500 ","No exact model match or potential duplicate on www.haier.com/pk"
"309","Haier","Washing Machine","PEL PMO 30BG Glamour Microwave Oven 30 Ltr/On Istallments","PEL PMO-30BG Glamour 30Ltr-BE-On Istallments-4"," 38,500 ","No exact model match or potential duplicate on www.haier.com/pk"
"310","Haier","Washing Machine","PEL PMO 38BG Glamour Microwave Oven 38 Ltr/On Installments","PEL PMO 38BG Glamour 38 Ltr-BE-On Installments-4"," 44,000 ","No exact model match or potential duplicate on www.haier.com/pk"
"311","Haier","Washing Machine","PEL PMO-23 Desire Microwave Oven/On Installments","PEL PMO-23 Desire-BE-On Installments-4"," 32,500 ","No exact model match or potential duplicate on www.haier.com/pk"
"312","Haier","Washing Machine","PEL PMO-23 SLM 23 Ltr Desire Microwave Oven/On Installments","PEL PMO-23SLM 23Ltr Desire MWO-BE-On Installments"," 28,500 ","No exact model match or potential duplicate on www.haier.com/pk"
"313","Haier","Washing Machine","PEL PMO-25 Convection Microwave Oven/On Installments","PEL PMO-25 Convection-BE-On Installments"," 43,000 ","No exact model match or potential duplicate on www.haier.com/pk"
"314","Haier","Washing Machine","PEL PMO-26 Chef Digital Microwave Oven/On Installments","PEL PMO-26 Chef Digital-BE-On Installments"," 37,000 ","No exact model match or potential duplicate on www.haier.com/pk"
"315","Haier","Washing Machine","PEL PMO-26 Desire Microwave Oven/On Installments","PEL PMO-26 Desire -BE-On Installments"," 35,500 ","No exact model match or potential duplicate on www.haier.com/pk"
"316","Haier","Washing Machine","Pel PMO-30 Desire Microwave Oven 30 Litres/On Installments","Pel PMO-30 Desire -BE-On Installments"," 40,500 ","No exact model match or potential duplicate on www.haier.com/pk"
"317","Haier","Washing Machine","Philips Espresso EP2220 Fully automatic espresso machines/On Installments","Philips Espresso EP2220-BE-On Installments-4"," 160,000 ","No exact model match or potential duplicate on www.haier.com/pk"
"318","Haier","Washing Machine","TCL Elite TAC-24HEA 2 Ton-BE-On Installments","TCL Elite TAC-24HEA 2 Ton-BE-On Installments"," 198,400 ","No exact model match or potential duplicate on www.haier.com/pk"
"319","Haier","Washing Machine","HW-90 BP 14959 S6","","","No exact model match or potential duplicate on www.haier.com/pk"
"320","Haier","Washing Machine","HWM 100 AS","","","No exact model match or potential duplicate on www.haier.com/pk"
"321","Haier","Washing Machine","HWM 100 BS","","","No exact model match or potential duplicate on www.haier.com/pk"
"322","Haier","Washing Machine","HWM 100 CS",""," 29,500 ","No exact model match or potential duplicate on www.haier.com/pk"
"323","Haier","Washing Machine","HWM 100-1678 E","","","No exact model match or potential duplicate on www.haier.com/pk"
"324","Haier","Washing Machine","HWM 120-1678 ES8",""," 72,500 ","No exact model match or potential duplicate on www.haier.com/pk"
"325","Haier","Washing Machine","HWM 120-1678 ES9",""," 74,000 ","No exact model match or potential duplicate on www.haier.com/pk"
"326","Haier","Washing Machine","HWM 60-50",""," 17,000 ","No exact model match or potential duplicate on www.haier.com/pk"
"327","Haier","Washing Machine","HWM 80 AS","","","No exact model match or potential duplicate on www.haier.com/pk"
"328","Haier","Washing Machine","HWM 80-1217",""," 18,500 ","No exact model match or potential duplicate on www.haier.com/pk"
"329","Haier","Washing Machine","HWM 85-826 E",""," 51,500 ","No exact model match or potential duplicate on www.haier.com/pk"
"330","Haier","Washing Machine","HWM 95-1678 ES8/JT",""," 64,500 ","No exact model match or potential duplicate on www.haier.com/pk"
"331","Haier","Washing Machine","HWM-120 AS MG",""," 41,500 ","No exact model match or potential duplicate on www.haier.com/pk"
"332","Haier","Washing Machine","HWM-120-35",""," 24,500 ","No exact model match or potential duplicate on www.haier.com/pk"
"333","Haier","Washing Machine","HWM-49101Spinner",""," 17,500 ","No exact model match or potential duplicate on www.haier.com/pk"
"334","Haier","Washing Machine","HWM-49102 GD",""," 27,500 ","No exact model match or potential duplicate on www.haier.com/pk"
"335","Haier","Washing Machine","HWM-49102 P",""," 26,000 ","No exact model match or potential duplicate on www.haier.com/pk"
"336","Haier","Washing Machine","HWM-49112 GD",""," 31,000 ","No exact model match or potential duplicate on www.haier.com/pk"
"337","Haier","Washing Machine","HWM-49112 P",""," 30,000 ","No exact model match or potential duplicate on www.haier.com/pk"
"338","Haier","Washing Machine","HWM-4991",""," 17,700 ","No exact model match or potential duplicate on www.haier.com/pk"
"339","Haier","Washing Machine","HWM-75 AS",""," 23,500 ","No exact model match or potential duplicate on www.haier.com/pk"
"340","Haier","Washing Machine","HWM-80-1269 X","","","No exact model match or potential duplicate on www.haier.com/pk"
"341","Haier","Microwave","HMW-20MX12 SOLO","Haier HMW-20MX12 SOLO Microwave Oven-BE-On Installments"," 20,500 ","No exact model match or potential duplicate on www.haier.com/pk"
"342","Haier","Microwave","HMW-23200 GRILL","Haier HMW-23200 Grill Series-BE-On Installments"," 33,000 ","No exact model match or potential duplicate on www.haier.com/pk"
"343","Haier","Microwave","HGL 20 MXP7",""," 13,500 ","No exact model match or potential duplicate on www.haier.com/pk"
"344","Haier","Microwave","HGL 20 MXP8",""," 13,500 ","No exact model match or potential duplicate on www.haier.com/pk"
"345","Haier","Microwave","HGL-25MXP8",""," 23,000 ","No exact model match or potential duplicate on www.haier.com/pk"
"346","Haier","Microwave","HMN 20 MXP5",""," 13,500 ","No exact model match or potential duplicate on www.haier.com/pk"
"347","Haier","Microwave","HMN 20 MXP6",""," 13,500 ","No exact model match or potential duplicate on www.haier.com/pk"
"348","Haier","Microwave","HMO-45200",""," 38,000 ","No exact model match or potential duplicate on www.haier.com/pk"
"349","Haier","Microwave","HMO-62 MX80",""," 46,000 ","No exact model match or potential duplicate on www.haier.com/pk"
"350","Haier","Microwave","HMW-20 DGS GRILL",""," 20,000 ","No exact model match or potential duplicate on www.haier.com/pk"
"351","Haier","Microwave","HMW-20 DSS Digital",""," 17,000 ","No exact model match or potential duplicate on www.haier.com/pk"
"352","Haier","Microwave","HMW-20 MBS",""," 13,500 ","No exact model match or potential duplicate on www.haier.com/pk"
"353","Haier","Microwave","HMW-20 MHES",""," 16,500 ","No exact model match or potential duplicate on www.haier.com/pk"
"354","Haier","Microwave","HMW-20 MWS",""," 13,500 ","No exact model match or potential duplicate on www.haier.com/pk"
"355","Haier","Microwave","HMW-20 MX11",""," 14,000 ","No exact model match or potential duplicate on www.haier.com/pk"
"356","Haier","Microwave","HMW-20 MX12",""," 14,000 ","No exact model match or potential duplicate on www.haier.com/pk"
"357","Haier","Microwave","HMW-30 AFR",""," 49,000 ","No exact model match or potential duplicate on www.haier.com/pk"
"358","Haier","Microwave","HMW-30 AFS",""," 49,000 ","No exact model match or potential duplicate on www.haier.com/pk"
"359","PEL","Washing Machine","PAWM 1100",""," 71,000 ","No exact model match or potential duplicate on pel.com.pk"
"360","PEL","Washing Machine","PAWM 900",""," 57,000 ","No exact model match or potential duplicate on pel.com.pk"
"361","PEL","Washing Machine","SA 233",""," 21,500 ","No exact model match or potential duplicate on pel.com.pk"
"362","PEL","Washing Machine","SA 570",""," 19,900 ","No exact model match or potential duplicate on pel.com.pk"
"363","PEL","Washing Machine","SA 572",""," 19,900 ","No exact model match or potential duplicate on pel.com.pk"
"364","PEL","Water Dispenser","PEL 525 Curved Glassdoor Dispenser/On Installments","PEL 525 Curved Glassdoor WD-BE-On Installments"," 43,500 ","No exact model match or potential duplicate on pel.com.pk"
"365","Kenwood","AC","KEA-2441 FLOOR",""," 225,000 ","No exact model match or potential duplicate on www.kenwoodpakistan.pk"
"366","Kenwood","AC","KEA-4841 FLOOR",""," 380,000 ","No exact model match or potential duplicate on www.kenwoodpakistan.pk"
"367","Kenwood","AC","KEA-4846 E-BREEZE",""," 515,000 ","No exact model match or potential duplicate on www.kenwoodpakistan.pk"
"368","Kenwood","AC","KEI-2443 FLOOR",""," -   ","No exact model match or potential duplicate on www.kenwoodpakistan.pk"
"369","Kenwood","AC","KEI-2444 FLOOR (ROUND)",""," 330,000 ","No exact model match or potential duplicate on www.kenwoodpakistan.pk"
"370","Kenwood","AC","KEI-2446 FLOOR",""," 260,000 ","No exact model match or potential duplicate on www.kenwoodpakistan.pk"
"371","Kenwood","AC","KEI-2447 FLOOR (ROUND)",""," 330,000 ","No exact model match or potential duplicate on www.kenwoodpakistan.pk"
"372","Kenwood","AC","KEN 1274",""," 111,000 ","No exact model match or potential duplicate on www.kenwoodpakistan.pk"
"373","Kenwood","AC","KEN 1275",""," 111,000 ","No exact model match or potential duplicate on www.kenwoodpakistan.pk"
"374","Kenwood","AC","KEN 1276 E-Nova",""," 95,000 ","No exact model match or potential duplicate on www.kenwoodpakistan.pk"
"375","Kenwood","AC","KEN 1873",""," 129,000 ","No exact model match or potential duplicate on www.kenwoodpakistan.pk"
"376","Kenwood","AC","KEN 1874",""," 129,000 ","No exact model match or potential duplicate on www.kenwoodpakistan.pk"
"377","Kenwood","AC","KEN 1876 E-Nova",""," 118,000 ","No exact model match or potential duplicate on www.kenwoodpakistan.pk"
"378","Kenwood","AC","KEN 2473",""," 196,000 ","No exact model match or potential duplicate on www.kenwoodpakistan.pk"
"379","Kenwood","AC","KEN 2474",""," 196,000 ","No exact model match or potential duplicate on www.kenwoodpakistan.pk"
"380","Kenwood","AC","KEN 2476 E-Nova",""," 169,000 ","No exact model match or potential duplicate on www.kenwoodpakistan.pk"
"381","Kenwood","AC","KEO 2475",""," 196,000 ","No exact model match or potential duplicate on www.kenwoodpakistan.pk"
"382","Kenwood","AC","KES 1270",""," 127,000 ","No exact model match or potential duplicate on www.kenwoodpakistan.pk"
"383","Kenwood","AC","KES 1271",""," -   ","No exact model match or potential duplicate on www.kenwoodpakistan.pk"
"384","Kenwood","AC","KES 1870",""," 161,000 ","No exact model match or potential duplicate on www.kenwoodpakistan.pk"
"385","Kenwood","AC","KES 1871",""," 161,000 ","No exact model match or potential duplicate on www.kenwoodpakistan.pk"
"386","Kenwood","Washing Machine","KWM-211059",""," 28,500 ","No exact model match or potential duplicate on www.kenwoodpakistan.pk"
"387","Kenwood","Washing Machine","KWM-231159",""," 32,000 ","No exact model match or potential duplicate on www.kenwoodpakistan.pk"
"388","Kenwood","Washing Machine","KWM-899 WASHER",""," 18,500 ","No exact model match or potential duplicate on www.kenwoodpakistan.pk"
"389","Kenwood","Washing Machine","KWS- 1050 SPINNER",""," 18,500 ","No exact model match or potential duplicate on www.kenwoodpakistan.pk"
"390","Super Asia","Washing Machine","SA 240 Shower wash",""," -   ","No exact model match or potential duplicate on superasiastore.com"
"391","Super Asia","Washing Machine","SA 242",""," -   ","No exact model match or potential duplicate on superasiastore.com"
"392","Super Asia","Washing Machine","SA 270",""," -   ","No exact model match or potential duplicate on superasiastore.com"
"393","Super Asia","Washing Machine","SA 280",""," -   ","No exact model match or potential duplicate on superasiastore.com"
"394","Super Asia","Washing Machine","SA 290",""," -   ","No exact model match or potential duplicate on superasiastore.com"
"395","Super Asia","Washing Machine","SA 550",""," -   ","No exact model match or potential duplicate on superasiastore.com"
"396","Super Asia","Washing Machine","SA 555",""," -   ","No exact model match or potential duplicate on superasiastore.com"
"397","Orient","Microwave","Kabab 20D Solo Black","Orient Kabab 20D Solo Black-BE-On Installments"," 24,000 ","No exact model match or potential duplicate on www.orient.com.pk"
"398","Orient","Microwave","Macaroni 20M Solo Black","Orient Macaroni 20M Solo Black-BE-On Installments"," 19,500 ","No exact model match or potential duplicate on www.orient.com.pk"
"399","Orient","Microwave","Muffin 30D","Orient Muffin 30D Grill Black-BE-On Instalmments"," 42,000 ","No exact model match or potential duplicate on www.orient.com.pk"
"400","Orient","Microwave","Panini 20M Solo Black","Orient Panini 20M Solo Black-BE-On Installments"," 19,500 ","No exact model match or potential duplicate on www.orient.com.pk"
"401","Orient","Microwave","Pasta 23D Solo Black","Orient Pasta 23D Solo Black-BE-On Installments"," 31,000 ","No exact model match or potential duplicate on www.orient.com.pk"
"402","Orient","Microwave","Pizza 34D","Orient Pizza 34D Grill Black-BE-On Insrallments"," 43,000 ","No exact model match or potential duplicate on www.orient.com.pk"
"403","Orient","Microwave","Popcorn 20M Solo Black","Orient Popcorn 20M Solo Black-BE-On Installments"," 22,500 ","No exact model match or potential duplicate on www.orient.com.pk"
"404","Orient","Microwave","Roast 23D Solo Black","Orient Roast 23D Grill Black-BE-On Installments"," 31,000 ","No exact model match or potential duplicate on www.orient.com.pk"
"405","WestPoint","Kitchen Appliance","WestPoint 1153","","","No exact model match or potential duplicate on www.westpoint.pk"
"406","WestPoint","Kitchen Appliance","WestPoint 1154","","","No exact model match or potential duplicate on www.westpoint.pk"
"407","WestPoint","Kitchen Appliance","WestPoint 1155","","","No exact model match or potential duplicate on www.westpoint.pk"
"408","WestPoint","Kitchen Appliance","WestPoint 1156","","","No exact model match or potential duplicate on www.westpoint.pk"
"409","WestPoint","Kitchen Appliance","WestPoint 1186","","","No exact model match or potential duplicate on www.westpoint.pk"
"410","WestPoint","Kitchen Appliance","WestPoint 1253","","","No exact model match or potential duplicate on www.westpoint.pk"
"411","WestPoint","Kitchen Appliance","WestPoint 1353","","","No exact model match or potential duplicate on www.westpoint.pk"
"412","WestPoint","Kitchen Appliance","WestPoint 1833","","","No exact model match or potential duplicate on www.westpoint.pk"
"413","WestPoint","Kitchen Appliance","WestPoint 1844","","","No exact model match or potential duplicate on www.westpoint.pk"
"414","WestPoint","Kitchen Appliance","WestPoint 1846","","","No exact model match or potential duplicate on www.westpoint.pk"
"415","WestPoint","Kitchen Appliance","WestPoint 1851","","","No exact model match or potential duplicate on www.westpoint.pk"
"416","WestPoint","Kitchen Appliance","WestPoint 1860","","","No exact model match or potential duplicate on www.westpoint.pk"
"417","WestPoint","Kitchen Appliance","WestPoint 2020","","","No exact model match or potential duplicate on www.westpoint.pk"
"418","WestPoint","Kitchen Appliance","WestPoint 2023","","","No exact model match or potential duplicate on www.westpoint.pk"
"419","WestPoint","Kitchen Appliance","WestPoint 2024","","","No exact model match or potential duplicate on www.westpoint.pk"
"420","WestPoint","Kitchen Appliance","WestPoint 2025","","","No exact model match or potential duplicate on www.westpoint.pk"
"421","WestPoint","Kitchen Appliance","WestPoint 2063","","","No exact model match or potential duplicate on www.westpoint.pk"
"422","WestPoint","Kitchen Appliance","WestPoint 2064","","","No exact model match or potential duplicate on www.westpoint.pk"
"423","WestPoint","Kitchen Appliance","WestPoint 2065","","","No exact model match or potential duplicate on www.westpoint.pk"
"424","WestPoint","Kitchen Appliance","WestPoint 2386","","","No exact model match or potential duplicate on www.westpoint.pk"
"425","WestPoint","Kitchen Appliance","WestPoint 2405","","","No exact model match or potential duplicate on www.westpoint.pk"
"426","WestPoint","Kitchen Appliance","WestPoint 2409","","","No exact model match or potential duplicate on www.westpoint.pk"
"427","WestPoint","Kitchen Appliance","WestPoint 2432","","","No exact model match or potential duplicate on www.westpoint.pk"
"428","WestPoint","Kitchen Appliance","WestPoint 2451","","","No exact model match or potential duplicate on www.westpoint.pk"
"429","WestPoint","Kitchen Appliance","WestPoint 2803","","","No exact model match or potential duplicate on www.westpoint.pk"
"430","WestPoint","Kitchen Appliance","WestPoint 3117","","","No exact model match or potential duplicate on www.westpoint.pk"
"431","WestPoint","Kitchen Appliance","WestPoint 3119","","","No exact model match or potential duplicate on www.westpoint.pk"
"432","WestPoint","Kitchen Appliance","WestPoint 312","","","No exact model match or potential duplicate on www.westpoint.pk"
"433","WestPoint","Kitchen Appliance","WestPoint 313","","","No exact model match or potential duplicate on www.westpoint.pk"
"434","WestPoint","Kitchen Appliance","WestPoint 314","","","No exact model match or potential duplicate on www.westpoint.pk"
"435","WestPoint","Kitchen Appliance","WestPoint 332","","","No exact model match or potential duplicate on www.westpoint.pk"
"436","WestPoint","Kitchen Appliance","WestPoint 333","","","No exact model match or potential duplicate on www.westpoint.pk"
"437","WestPoint","Kitchen Appliance","WestPoint 342","","","No exact model match or potential duplicate on www.westpoint.pk"
"438","WestPoint","Kitchen Appliance","WestPoint 343","","","No exact model match or potential duplicate on www.westpoint.pk"
"439","WestPoint","Kitchen Appliance","WestPoint 364","","","No exact model match or potential duplicate on www.westpoint.pk"
"440","WestPoint","Kitchen Appliance","WestPoint 366","","","No exact model match or potential duplicate on www.westpoint.pk"
"441","WestPoint","Kitchen Appliance","WestPoint 367","","","No exact model match or potential duplicate on www.westpoint.pk"
"442","WestPoint","Kitchen Appliance","WestPoint 3804","","","No exact model match or potential duplicate on www.westpoint.pk"
"443","WestPoint","Kitchen Appliance","WestPoint 408","","","No exact model match or potential duplicate on www.westpoint.pk"
"444","WestPoint","Kitchen Appliance","WestPoint 410","","","No exact model match or potential duplicate on www.westpoint.pk"
"445","WestPoint","Kitchen Appliance","WestPoint 411","","","No exact model match or potential duplicate on www.westpoint.pk"
"446","WestPoint","Kitchen Appliance","WestPoint 4201","","","No exact model match or potential duplicate on www.westpoint.pk"
"447","WestPoint","Kitchen Appliance","WestPoint 4805","","","No exact model match or potential duplicate on www.westpoint.pk"
"448","WestPoint","Kitchen Appliance","WestPoint 4806","","","No exact model match or potential duplicate on www.westpoint.pk"
"449","WestPoint","Kitchen Appliance","WestPoint 5160","","","No exact model match or potential duplicate on www.westpoint.pk"
"450","WestPoint","Kitchen Appliance","WestPoint 5161","","","No exact model match or potential duplicate on www.westpoint.pk"
"451","WestPoint","Kitchen Appliance","WestPoint 578","","","No exact model match or potential duplicate on www.westpoint.pk"
"452","WestPoint","Kitchen Appliance","WestPoint 5805","","","No exact model match or potential duplicate on www.westpoint.pk"
"453","WestPoint","Kitchen Appliance","WestPoint 5806","","","No exact model match or potential duplicate on www.westpoint.pk"
"454","WestPoint","Kitchen Appliance","WestPoint 6170","","","No exact model match or potential duplicate on www.westpoint.pk"
"455","WestPoint","Kitchen Appliance","WestPoint 6172","","","No exact model match or potential duplicate on www.westpoint.pk"
"456","WestPoint","Kitchen Appliance","WestPoint 6174","","","No exact model match or potential duplicate on www.westpoint.pk"
"457","WestPoint","Kitchen Appliance","WestPoint 6175","","","No exact model match or potential duplicate on www.westpoint.pk"
"458","WestPoint","Kitchen Appliance","WestPoint 6178","","","No exact model match or potential duplicate on www.westpoint.pk"
"459","WestPoint","Kitchen Appliance","WestPoint 6217","","","No exact model match or potential duplicate on www.westpoint.pk"
"460","WestPoint","Kitchen Appliance","WestPoint 6259","","","No exact model match or potential duplicate on www.westpoint.pk"
"461","WestPoint","Kitchen Appliance","WestPoint 6260","","","No exact model match or potential duplicate on www.westpoint.pk"
"462","WestPoint","Kitchen Appliance","WestPoint 6270","","","No exact model match or potential duplicate on www.westpoint.pk"
"463","WestPoint","Kitchen Appliance","WestPoint 6275","","","No exact model match or potential duplicate on www.westpoint.pk"
"464","WestPoint","Kitchen Appliance","WestPoint 6280","","","No exact model match or potential duplicate on www.westpoint.pk"
"465","WestPoint","Kitchen Appliance","WestPoint 672","","","No exact model match or potential duplicate on www.westpoint.pk"
"466","WestPoint","Kitchen Appliance","WestPoint 6807","","","No exact model match or potential duplicate on www.westpoint.pk"
"467","WestPoint","Kitchen Appliance","WestPoint 6809","","","No exact model match or potential duplicate on www.westpoint.pk"
"468","WestPoint","Kitchen Appliance","WestPoint 6810","","","No exact model match or potential duplicate on www.westpoint.pk"
"469","WestPoint","Kitchen Appliance","WestPoint 6811","","","No exact model match or potential duplicate on www.westpoint.pk"
"470","WestPoint","Kitchen Appliance","WestPoint 718","","","No exact model match or potential duplicate on www.westpoint.pk"
"471","WestPoint","Kitchen Appliance","WestPoint 7182","","","No exact model match or potential duplicate on www.westpoint.pk"
"472","WestPoint","Kitchen Appliance","WestPoint 738","","","No exact model match or potential duplicate on www.westpoint.pk"
"473","WestPoint","Kitchen Appliance","WestPoint 7382","","","No exact model match or potential duplicate on www.westpoint.pk"
"474","WestPoint","Kitchen Appliance","WestPoint 7701","","","No exact model match or potential duplicate on www.westpoint.pk"
"475","WestPoint","Kitchen Appliance","WestPoint 772","","","No exact model match or potential duplicate on www.westpoint.pk"
"476","WestPoint","Kitchen Appliance","WestPoint 7805","","","No exact model match or potential duplicate on www.westpoint.pk"
"477","WestPoint","Kitchen Appliance","WestPoint 7806","","","No exact model match or potential duplicate on www.westpoint.pk"
"478","WestPoint","Kitchen Appliance","WestPoint 78B","","","No exact model match or potential duplicate on www.westpoint.pk"
"479","WestPoint","Kitchen Appliance","WestPoint 80B","","","No exact model match or potential duplicate on www.westpoint.pk"
"480","WestPoint","Kitchen Appliance","WestPoint 81B","","","No exact model match or potential duplicate on www.westpoint.pk"
"481","WestPoint","Kitchen Appliance","WestPoint 8270","","","No exact model match or potential duplicate on www.westpoint.pk"
"482","WestPoint","Kitchen Appliance","WestPoint 84B","","","No exact model match or potential duplicate on www.westpoint.pk"
"483","WestPoint","Kitchen Appliance","WestPoint 86B","","","No exact model match or potential duplicate on www.westpoint.pk"
"484","WestPoint","Kitchen Appliance","WestPoint 8813","","","No exact model match or potential duplicate on www.westpoint.pk"
"485","WestPoint","Kitchen Appliance","WestPoint 8814","","","No exact model match or potential duplicate on www.westpoint.pk"
"486","WestPoint","Kitchen Appliance","WestPoint 8815","","","No exact model match or potential duplicate on www.westpoint.pk"
"487","WestPoint","Kitchen Appliance","WestPoint 8817","","","No exact model match or potential duplicate on www.westpoint.pk"
"488","WestPoint","Kitchen Appliance","WestPoint 8818","","","No exact model match or potential duplicate on www.westpoint.pk"
"489","WestPoint","Kitchen Appliance","WestPoint 8819","","","No exact model match or potential duplicate on www.westpoint.pk"
"490","WestPoint","Kitchen Appliance","WestPoint 8823","","","No exact model match or potential duplicate on www.westpoint.pk"
"491","WestPoint","Kitchen Appliance","WestPoint 8824","","","No exact model match or potential duplicate on www.westpoint.pk"
"492","WestPoint","Kitchen Appliance","WestPoint 90B","","","No exact model match or potential duplicate on www.westpoint.pk"
"493","WestPoint","Kitchen Appliance","WestPoint 9202","","","No exact model match or potential duplicate on www.westpoint.pk"
"494","WestPoint","Kitchen Appliance","WestPoint 9225","","","No exact model match or potential duplicate on www.westpoint.pk"
"495","WestPoint","Kitchen Appliance","WestPoint 9226","","","No exact model match or potential duplicate on www.westpoint.pk"
"496","WestPoint","Kitchen Appliance","WestPoint 9228","","","No exact model match or potential duplicate on www.westpoint.pk"
"497","WestPoint","Kitchen Appliance","WestPoint 929","","","No exact model match or potential duplicate on www.westpoint.pk"
"498","WestPoint","Kitchen Appliance","WestPoint 9291","","","No exact model match or potential duplicate on www.westpoint.pk"
"499","WestPoint","Kitchen Appliance","WestPoint 9292","","","No exact model match or potential duplicate on www.westpoint.pk"
"500","WestPoint","Kitchen Appliance","WestPoint 9301","","","No exact model match or potential duplicate on www.westpoint.pk"
"501","WestPoint","Kitchen Appliance","WestPoint 949","","","No exact model match or potential duplicate on www.westpoint.pk"
"502","WestPoint","Kitchen Appliance","WestPoint 9491","","","No exact model match or potential duplicate on www.westpoint.pk"
"503","WestPoint","Kitchen Appliance","WestPoint 9492","","","No exact model match or potential duplicate on www.westpoint.pk"
"504","WestPoint","Kitchen Appliance","WestPoint 9714","","","No exact model match or potential duplicate on www.westpoint.pk"
"505","WestPoint","Kitchen Appliance","WestPoint 9715","","","No exact model match or potential duplicate on www.westpoint.pk"
"506","WestPoint","Kitchen Appliance","WestPoint 9804","","","No exact model match or potential duplicate on www.westpoint.pk"
"507","WestPoint","Kitchen Appliance","WestPoint 9805","","","No exact model match or potential duplicate on www.westpoint.pk"
"508","WestPoint","Kitchen Appliance","WestPoint 9814","","","No exact model match or potential duplicate on www.westpoint.pk"
"509","WestPoint","Kitchen Appliance","WestPoint 9815","","","No exact model match or potential duplicate on www.westpoint.pk"
"510","WestPoint","Kitchen Appliance","WestPoint 9816","","","No exact model match or potential duplicate on www.westpoint.pk"
"511","WestPoint","Kitchen Appliance","WestPoint 98B","","","No exact model match or potential duplicate on www.westpoint.pk"
"512","WestPoint","Kitchen Appliance","WestPoint 9914","","","No exact model match or potential duplicate on www.westpoint.pk"
"513","WestPoint","Kitchen Appliance","WestPoint 9915","","","No exact model match or potential duplicate on www.westpoint.pk"
"514","WestPoint","Kitchen Appliance","WestPoint 9916","","","No exact model match or potential duplicate on www.westpoint.pk"
"515","WestPoint","Kitchen Appliance","WestPoint WF-103","","","No exact model match or potential duplicate on www.westpoint.pk"
"516","WestPoint","Kitchen Appliance","WestPoint WF-142","","","No exact model match or potential duplicate on www.westpoint.pk"
"517","WestPoint","Kitchen Appliance","WestPoint WF-143","","","No exact model match or potential duplicate on www.westpoint.pk"
"518","WestPoint","Kitchen Appliance","WestPoint WF-152","","","No exact model match or potential duplicate on www.westpoint.pk"
"519","WestPoint","Kitchen Appliance","WestPoint WF-162","","","No exact model match or potential duplicate on www.westpoint.pk"
"520","WestPoint","Kitchen Appliance","WestPoint WF-231","","","No exact model match or potential duplicate on www.westpoint.pk"
"521","WestPoint","Kitchen Appliance","WestPoint WF-2310","","","No exact model match or potential duplicate on www.westpoint.pk"
"522","WestPoint","Kitchen Appliance","WestPoint WF-2533","","","No exact model match or potential duplicate on www.westpoint.pk"
"523","WestPoint","Kitchen Appliance","WestPoint WF-2538","","","No exact model match or potential duplicate on www.westpoint.pk"
"524","WestPoint","Kitchen Appliance","WestPoint WF-2542","","","No exact model match or potential duplicate on www.westpoint.pk"
"525","WestPoint","Kitchen Appliance","WestPoint WF-2589","","","No exact model match or potential duplicate on www.westpoint.pk"
"526","WestPoint","Kitchen Appliance","WestPoint WF-261","","","No exact model match or potential duplicate on www.westpoint.pk"
"527","WestPoint","Kitchen Appliance","WestPoint WF-262","","","No exact model match or potential duplicate on www.westpoint.pk"
"528","WestPoint","Kitchen Appliance","WestPoint WF-272","","","No exact model match or potential duplicate on www.westpoint.pk"
"529","WestPoint","Kitchen Appliance","WestPoint WF-282","","","No exact model match or potential duplicate on www.westpoint.pk"
"530","WestPoint","Kitchen Appliance","WestPoint WF-292","","","No exact model match or potential duplicate on www.westpoint.pk"
"531","WestPoint","Kitchen Appliance","WestPoint WF-3669","","","No exact model match or potential duplicate on www.westpoint.pk"
"532","WestPoint","Kitchen Appliance","WestPoint WF-445","","","No exact model match or potential duplicate on www.westpoint.pk"
"533","WestPoint","Kitchen Appliance","WestPoint WF-495 C","","","No exact model match or potential duplicate on www.westpoint.pk"
"534","WestPoint","Kitchen Appliance","WestPoint WF-496 C","","","No exact model match or potential duplicate on www.westpoint.pk"
"535","WestPoint","Kitchen Appliance","WestPoint WF-497 C","","","No exact model match or potential duplicate on www.westpoint.pk"
"536","WestPoint","Kitchen Appliance","WestPoint WF-498","","","No exact model match or potential duplicate on www.westpoint.pk"
"537","WestPoint","Kitchen Appliance","WestPoint WF-4981","","","No exact model match or potential duplicate on www.westpoint.pk"
"538","WestPoint","Kitchen Appliance","WestPoint WF-506","","","No exact model match or potential duplicate on www.westpoint.pk"
"539","WestPoint","Kitchen Appliance","WestPoint WF-5147","","","No exact model match or potential duplicate on www.westpoint.pk"
"540","WestPoint","Kitchen Appliance","WestPoint WF-5307","","","No exact model match or potential duplicate on www.westpoint.pk"
"541","WestPoint","Kitchen Appliance","WestPoint WF-5350","","","No exact model match or potential duplicate on www.westpoint.pk"
"542","WestPoint","Kitchen Appliance","WestPoint WF-546","","","No exact model match or potential duplicate on www.westpoint.pk"
"543","WestPoint","Kitchen Appliance","WestPoint WF-547","","","No exact model match or potential duplicate on www.westpoint.pk"
"544","WestPoint","Kitchen Appliance","WestPoint WF-550","","","No exact model match or potential duplicate on www.westpoint.pk"
"545","WestPoint","Kitchen Appliance","WestPoint WF-554","","","No exact model match or potential duplicate on www.westpoint.pk"
"546","WestPoint","Kitchen Appliance","WestPoint WF-6093","","","No exact model match or potential duplicate on www.westpoint.pk"
"547","WestPoint","Kitchen Appliance","WestPoint WF-6193","","","No exact model match or potential duplicate on www.westpoint.pk"
"548","WestPoint","Kitchen Appliance","WestPoint WF-6293","","","No exact model match or potential duplicate on www.westpoint.pk"
"549","WestPoint","Kitchen Appliance","WestPoint WF-637","","","No exact model match or potential duplicate on www.westpoint.pk"
"550","WestPoint","Kitchen Appliance","WestPoint WF-638","","","No exact model match or potential duplicate on www.westpoint.pk"
"551","WestPoint","Kitchen Appliance","WestPoint WF-639","","","No exact model match or potential duplicate on www.westpoint.pk"
"552","WestPoint","Kitchen Appliance","WestPoint WF-640","","","No exact model match or potential duplicate on www.westpoint.pk"
"553","WestPoint","Kitchen Appliance","WestPoint WF-643","","","No exact model match or potential duplicate on www.westpoint.pk"
"554","WestPoint","Kitchen Appliance","WestPoint WF-6514","","","No exact model match or potential duplicate on www.westpoint.pk"
"555","WestPoint","Kitchen Appliance","WestPoint WF-6686","","","No exact model match or potential duplicate on www.westpoint.pk"
"556","WestPoint","Kitchen Appliance","WestPoint WF-6697","","","No exact model match or potential duplicate on www.westpoint.pk"
"557","WestPoint","Kitchen Appliance","WestPoint WF-691","","","No exact model match or potential duplicate on www.westpoint.pk"
"558","WestPoint","Kitchen Appliance","WestPoint WF-692","","","No exact model match or potential duplicate on www.westpoint.pk"
"559","WestPoint","Kitchen Appliance","WestPoint WF-694","","","No exact model match or potential duplicate on www.westpoint.pk"
"560","WestPoint","Kitchen Appliance","WestPoint WF-822","","","No exact model match or potential duplicate on www.westpoint.pk"
"561","WestPoint","Kitchen Appliance","WestPoint WF-825","","","No exact model match or potential duplicate on www.westpoint.pk"
"562","WestPoint","Kitchen Appliance","WestPoint WF-841","","","No exact model match or potential duplicate on www.westpoint.pk"
"563","WestPoint","Kitchen Appliance","WestPoint WF-851","","","No exact model match or potential duplicate on www.westpoint.pk"
"564","WestPoint","Kitchen Appliance","WestPoint WF-960","","","No exact model match or potential duplicate on www.westpoint.pk"
"565","WestPoint","Kitchen Appliance","WestPoint WF-F07","","","No exact model match or potential duplicate on www.westpoint.pk"
"566","WestPoint","Kitchen Appliance","WestPoint WF-F10","","","No exact model match or potential duplicate on www.westpoint.pk"