S_No,Brand,Category,Model_Name,SKU,Rate,Image_Status,Source_File
1,"AC","AC","10 LF",""," 92,000 ","UNMATCHED","ALL_AC_ON_ALFA_MALL_UPLOADED_MARCH_2025.csv"
2,"AC","AC","12 CF",""," 88,000 ","UNMATCHED","ALL_AC_ON_ALFA_MALL_UPLOADED_MARCH_2025.csv"
3,"AC","AC","12 FITH 3W",""," 157,500 ","UNMATCHED","ALL_AC_ON_ALFA_MALL_UPLOADED_MARCH_2025.csv"
4,"AC","AC","12 FITH 6C/S",""," 146,000 ","UNMATCHED","ALL_AC_ON_ALFA_MALL_UPLOADED_MARCH_2025.csv"
5,"AC","AC","12 PITH 11S",""," 123,000 ","UNMATCHED","ALL_AC_ON_ALFA_MALL_UPLOADED_MARCH_2025.csv"
6,"AC","AC","12 PITH 11W",""," 120,000 ","UNMATCHED","ALL_AC_ON_ALFA_MALL_UPLOADED_MARCH_2025.csv"
7,"AC","AC","12 T3 PRO",""," 119,000 ","UNMATCHED","ALL_AC_ON_ALFA_MALL_UPLOADED_MARCH_2025.csv"
8,"AC","AC","12G Frost Everest",""," 99,000 ","UNMATCHED","ALL_AC_ON_ALFA_MALL_UPLOADED_MARCH_2025.csv"
9,"AC","AC","12e Cool",""," 91,000 ","UNMATCHED","ALL_AC_ON_ALFA_MALL_UPLOADED_MARCH_2025.csv"
10,"AC","AC","13 LF",""," 97,500 ","UNMATCHED","ALL_AC_ON_ALFA_MALL_UPLOADED_MARCH_2025.csv"
11,"AC","AC","14 HFT W",""," 118,000 ","UNMATCHED","ALL_AC_ON_ALFA_MALL_UPLOADED_MARCH_2025.csv"
12,"AC","AC","15 Enercon",""," -   ","UNMATCHED","ALL_AC_ON_ALFA_MALL_UPLOADED_MARCH_2025.csv"
13,"AC","AC","15 Inspire",""," 102,000 ","UNMATCHED","ALL_AC_ON_ALFA_MALL_UPLOADED_MARCH_2025.csv"
14,"AC","AC","15 Mega Flex",""," 114,000 ","UNMATCHED","ALL_AC_ON_ALFA_MALL_UPLOADED_MARCH_2025.csv"
15,"AC","AC","15 Mega T+",""," 116,500 ","UNMATCHED","ALL_AC_ON_ALFA_MALL_UPLOADED_MARCH_2025.csv"
16,"AC","AC","15 Powercon",""," 101,000 ","UNMATCHED","ALL_AC_ON_ALFA_MALL_UPLOADED_MARCH_2025.csv"
17,"AC","AC","15 Sprinter",""," 101,000 ","UNMATCHED","ALL_AC_ON_ALFA_MALL_UPLOADED_MARCH_2025.csv"
18,"AC","AC","18 AITH",""," 225,000 ","UNMATCHED","ALL_AC_ON_ALFA_MALL_UPLOADED_MARCH_2025.csv"
19,"AC","AC","18 FITH 1",""," 205,000 ","UNMATCHED","ALL_AC_ON_ALFA_MALL_UPLOADED_MARCH_2025.csv"
20,"AC","AC","18 FITH 6C/S",""," 181,000 ","UNMATCHED","ALL_AC_ON_ALFA_MALL_UPLOADED_MARCH_2025.csv"
21,"AC","AC","18 FITH 7",""," 186,000 ","UNMATCHED","ALL_AC_ON_ALFA_MALL_UPLOADED_MARCH_2025.csv"
22,"AC","AC","18 HEF",""," -   ","UNMATCHED","ALL_AC_ON_ALFA_MALL_UPLOADED_MARCH_2025.csv"
23,"AC","AC","18 HFC",""," 129,000 ","UNMATCHED","ALL_AC_ON_ALFA_MALL_UPLOADED_MARCH_2025.csv"
24,"AC","AC","18 HFP",""," 144,000 ","UNMATCHED","ALL_AC_ON_ALFA_MALL_UPLOADED_MARCH_2025.csv"
25,"AC","AC","18 HFT S",""," 160,000 ","UNMATCHED","ALL_AC_ON_ALFA_MALL_UPLOADED_MARCH_2025.csv"
26,"AC","AC","18 HFT W",""," 159,000 ","UNMATCHED","ALL_AC_ON_ALFA_MALL_UPLOADED_MARCH_2025.csv"
27,"AC","AC","18 HJ",""," 205,000 ","UNMATCHED","ALL_AC_ON_ALFA_MALL_UPLOADED_MARCH_2025.csv"
28,"AC","AC","18 HJ UV",""," 181,000 ","UNMATCHED","ALL_AC_ON_ALFA_MALL_UPLOADED_MARCH_2025.csv"
29,"AC","AC","18 PITH 10W",""," 141,000 ","UNMATCHED","ALL_AC_ON_ALFA_MALL_UPLOADED_MARCH_2025.csv"
30,"AC","AC","18 PITH 11S",""," 150,000 ","UNMATCHED","ALL_AC_ON_ALFA_MALL_UPLOADED_MARCH_2025.csv"
31,"AC","AC","18 PITH 11W",""," 146,000 ","UNMATCHED","ALL_AC_ON_ALFA_MALL_UPLOADED_MARCH_2025.csv"
32,"AC","AC","18 PITH 14S",""," 150,000 ","UNMATCHED","ALL_AC_ON_ALFA_MALL_UPLOADED_MARCH_2025.csv"
33,"AC","AC","18 T3 PRO",""," 164,000 ","UNMATCHED","ALL_AC_ON_ALFA_MALL_UPLOADED_MARCH_2025.csv"
34,"AC","AC","18 T3B",""," 160,000 ","UNMATCHED","ALL_AC_ON_ALFA_MALL_UPLOADED_MARCH_2025.csv"
35,"AC","AC","18G Frost Everest",""," 124,000 ","UNMATCHED","ALL_AC_ON_ALFA_MALL_UPLOADED_MARCH_2025.csv"
36,"AC","AC","18e Cool",""," 118,000 ","UNMATCHED","ALL_AC_ON_ALFA_MALL_UPLOADED_MARCH_2025.csv"
37,"AC","AC","19 HFAB Grey",""," 154,000 ","UNMATCHED","ALL_AC_ON_ALFA_MALL_UPLOADED_MARCH_2025.csv"
38,"AC","AC","19 HFAB White",""," 152,000 ","UNMATCHED","ALL_AC_ON_ALFA_MALL_UPLOADED_MARCH_2025.csv"
39,"AC","AC","19 HFC",""," 130,000 ","UNMATCHED","ALL_AC_ON_ALFA_MALL_UPLOADED_MARCH_2025.csv"
40,"AC","AC","19 HFP",""," 145,000 ","UNMATCHED","ALL_AC_ON_ALFA_MALL_UPLOADED_MARCH_2025.csv"
41,"AC","AC","19 LF",""," 122,500 ","UNMATCHED","ALL_AC_ON_ALFA_MALL_UPLOADED_MARCH_2025.csv"
42,"AC","AC","2 Ton Floor Inv 24 T3",""," 265,000 ","UNMATCHED","ALL_AC_ON_ALFA_MALL_UPLOADED_MARCH_2025.csv"
43,"AC","AC","20 Chrome",""," 110,000 ","UNMATCHED","ALL_AC_ON_ALFA_MALL_UPLOADED_MARCH_2025.csv"
44,"AC","AC","20 Frost",""," 102,000 ","UNMATCHED","ALL_AC_ON_ALFA_MALL_UPLOADED_MARCH_2025.csv"
45,"AC","AC","20 HFTEX Grey",""," 163,000 ","UNMATCHED","ALL_AC_ON_ALFA_MALL_UPLOADED_MARCH_2025.csv"
46,"AC","AC","20 HFTEX White",""," 161,000 ","UNMATCHED","ALL_AC_ON_ALFA_MALL_UPLOADED_MARCH_2025.csv"
47,"AC","AC","24 AK FLOOR INV T3",""," 278,000 ","UNMATCHED","ALL_AC_ON_ALFA_MALL_UPLOADED_MARCH_2025.csv"
48,"AC","AC","24 CEO3",""," 215,000 ","UNMATCHED","ALL_AC_ON_ALFA_MALL_UPLOADED_MARCH_2025.csv"
49,"AC","AC","24 CF",""," 156,500 ","UNMATCHED","ALL_AC_ON_ALFA_MALL_UPLOADED_MARCH_2025.csv"
50,"AC","AC","24 FITH 1",""," 260,000 ","UNMATCHED","ALL_AC_ON_ALFA_MALL_UPLOADED_MARCH_2025.csv"
51,"AC","AC","24 FITH 2",""," 260,000 ","UNMATCHED","ALL_AC_ON_ALFA_MALL_UPLOADED_MARCH_2025.csv"
52,"AC","AC","24 FITH 3",""," 260,000 ","UNMATCHED","ALL_AC_ON_ALFA_MALL_UPLOADED_MARCH_2025.csv"
53,"AC","AC","24 FITH 6C/S",""," 245,000 ","UNMATCHED","ALL_AC_ON_ALFA_MALL_UPLOADED_MARCH_2025.csv"
54,"AC","AC","24 HD/Z W",""," 268,000 ","UNMATCHED","ALL_AC_ON_ALFA_MALL_UPLOADED_MARCH_2025.csv"
55,"AC","AC","24 HDZ UV",""," 270,000 ","UNMATCHED","ALL_AC_ON_ALFA_MALL_UPLOADED_MARCH_2025.csv"
56,"AC","AC","24 HE/DC",""," 238,500 ","UNMATCHED","ALL_AC_ON_ALFA_MALL_UPLOADED_MARCH_2025.csv"
57,"AC","AC","24 HEA",""," 172,000 ","UNMATCHED","ALL_AC_ON_ALFA_MALL_UPLOADED_MARCH_2025.csv"
58,"AC","AC","24 HF",""," 187,000 ","UNMATCHED","ALL_AC_ON_ALFA_MALL_UPLOADED_MARCH_2025.csv"
59,"AC","AC","24 HFAB GREY",""," 198,500 ","UNMATCHED","ALL_AC_ON_ALFA_MALL_UPLOADED_MARCH_2025.csv"
60,"AC","AC","24 HFAB WHITE",""," 195,500 ","UNMATCHED","ALL_AC_ON_ALFA_MALL_UPLOADED_MARCH_2025.csv"
61,"AC","AC","24 HJ FLOOR",""," 295,000 ","UNMATCHED","ALL_AC_ON_ALFA_MALL_UPLOADED_MARCH_2025.csv"
62,"AC","AC","24 PITH 11S",""," 222,000 ","UNMATCHED","ALL_AC_ON_ALFA_MALL_UPLOADED_MARCH_2025.csv"
63,"AC","AC","24 PITH 11W",""," 212,000 ","UNMATCHED","ALL_AC_ON_ALFA_MALL_UPLOADED_MARCH_2025.csv"
64,"AC","AC","24 T3 PRO",""," 183,000 ","UNMATCHED","ALL_AC_ON_ALFA_MALL_UPLOADED_MARCH_2025.csv"
65,"AC","AC","24 TF",""," 273,000 ","UNMATCHED","ALL_AC_ON_ALFA_MALL_UPLOADED_MARCH_2025.csv"
66,"AC","AC","24 TFIH",""," 337,000 ","UNMATCHED","ALL_AC_ON_ALFA_MALL_UPLOADED_MARCH_2025.csv"
67,"AC","AC","24 VTIH",""," 430,000 ","UNMATCHED","ALL_AC_ON_ALFA_MALL_UPLOADED_MARCH_2025.csv"
68,"AC","AC","24e Cool",""," 160,000 ","UNMATCHED","ALL_AC_ON_ALFA_MALL_UPLOADED_MARCH_2025.csv"
69,"AC","AC","26 AITH",""," 268,000 ","UNMATCHED","ALL_AC_ON_ALFA_MALL_UPLOADED_MARCH_2025.csv"
70,"AC","AC","30 Avante White",""," 141,000 ","UNMATCHED","ALL_AC_ON_ALFA_MALL_UPLOADED_MARCH_2025.csv"
71,"AC","AC","30 Chrome",""," 130,000 ","UNMATCHED","ALL_AC_ON_ALFA_MALL_UPLOADED_MARCH_2025.csv"
72,"AC","AC","30 Enercon",""," -   ","UNMATCHED","ALL_AC_ON_ALFA_MALL_UPLOADED_MARCH_2025.csv"
73,"AC","AC","30 Excel",""," 133,500 ","UNMATCHED","ALL_AC_ON_ALFA_MALL_UPLOADED_MARCH_2025.csv"
74,"AC","AC","30 Extreme",""," -   ","UNMATCHED","ALL_AC_ON_ALFA_MALL_UPLOADED_MARCH_2025.csv"
75,"AC","AC","30 Frost",""," 123,000 ","UNMATCHED","ALL_AC_ON_ALFA_MALL_UPLOADED_MARCH_2025.csv"
76,"AC","AC","30 Magna",""," 143,000 ","UNMATCHED","ALL_AC_ON_ALFA_MALL_UPLOADED_MARCH_2025.csv"
77,"AC","AC","30 Magna T3",""," 154,000 ","UNMATCHED","ALL_AC_ON_ALFA_MALL_UPLOADED_MARCH_2025.csv"
78,"AC","AC","30 Mega Flex",""," 151,000 ","UNMATCHED","ALL_AC_ON_ALFA_MALL_UPLOADED_MARCH_2025.csv"
79,"AC","AC","30 Powercon",""," 124,500 ","UNMATCHED","ALL_AC_ON_ALFA_MALL_UPLOADED_MARCH_2025.csv"
80,"AC","AC","30 Prima PurSense",""," 180,000 ","UNMATCHED","ALL_AC_ON_ALFA_MALL_UPLOADED_MARCH_2025.csv"
81,"AC","AC","30 Sprinter",""," 124,500 ","UNMATCHED","ALL_AC_ON_ALFA_MALL_UPLOADED_MARCH_2025.csv"
82,"AC","AC","30 Suave+ (Silver)",""," 129,000 ","UNMATCHED","ALL_AC_ON_ALFA_MALL_UPLOADED_MARCH_2025.csv"
83,"AC","AC","30 Suave+ (White)",""," 127,000 ","UNMATCHED","ALL_AC_ON_ALFA_MALL_UPLOADED_MARCH_2025.csv"
84,"AC","AC","36 TFIH",""," 430,000 ","UNMATCHED","ALL_AC_ON_ALFA_MALL_UPLOADED_MARCH_2025.csv"
85,"AC","AC","45 Gallant",""," 320,000 ","UNMATCHED","ALL_AC_ON_ALFA_MALL_UPLOADED_MARCH_2025.csv"
86,"AC","AC","45 Glamour",""," 312,000 ","UNMATCHED","ALL_AC_ON_ALFA_MALL_UPLOADED_MARCH_2025.csv"
87,"AC","AC","48 CE/DC",""," 444,000 ","UNMATCHED","ALL_AC_ON_ALFA_MALL_UPLOADED_MARCH_2025.csv"
88,"AC","AC","48 CEO3",""," 334,000 ","UNMATCHED","ALL_AC_ON_ALFA_MALL_UPLOADED_MARCH_2025.csv"
89,"AC","AC","48 EDC",""," 487,000 ","UNMATCHED","ALL_AC_ON_ALFA_MALL_UPLOADED_MARCH_2025.csv"
90,"AC","AC","48 TF",""," 540,000 ","UNMATCHED","ALL_AC_ON_ALFA_MALL_UPLOADED_MARCH_2025.csv"
91,"AC","AC","48 TFIH",""," 630,000 ","UNMATCHED","ALL_AC_ON_ALFA_MALL_UPLOADED_MARCH_2025.csv"
92,"Chrome","AC","Chrome + 45",""," 210,000 ","UNMATCHED","ALL_AC_ON_ALFA_MALL_UPLOADED_MARCH_2025.csv"
93,"DAWLANCE","AC","DAWLANCE","","","UNMATCHED","ALL_AC_ON_ALFA_MALL_UPLOADED_MARCH_2025.csv"
94,"DAWLANCE","AC","DAWLANCE FLOOR","","","UNMATCHED","ALL_AC_ON_ALFA_MALL_UPLOADED_MARCH_2025.csv"
95,"Ecostar","AC","Ecostar Emperor/Duke 1 TON B/G",""," 98,000 ","UNMATCHED","ALL_AC_ON_ALFA_MALL_UPLOADED_MARCH_2025.csv"
96,"Ecostar","AC","Ecostar Emperor/Duke 1.5 TON (W)",""," 117,000 ","UNMATCHED","ALL_AC_ON_ALFA_MALL_UPLOADED_MARCH_2025.csv"
97,"Ecostar","AC","Ecostar Emperor/Duke 1.5 TON B/G",""," 118,000 ","UNMATCHED","ALL_AC_ON_ALFA_MALL_UPLOADED_MARCH_2025.csv"
98,"Ecostar","AC","Ecostar Emperor/Duke 2 TON (W)",""," 176,000 ","UNMATCHED","ALL_AC_ON_ALFA_MALL_UPLOADED_MARCH_2025.csv"
99,"Ecostar","AC","Ecostar Emperor/Duke 2 TON B/G",""," 178,000 ","UNMATCHED","ALL_AC_ON_ALFA_MALL_UPLOADED_MARCH_2025.csv"
100,"ECOSTAR","AC","ECOSTAR","","","UNMATCHED","ALL_AC_ON_ALFA_MALL_UPLOADED_MARCH_2025.csv"
101,"ETech","AC","ETech 12",""," 120,000 ","UNMATCHED","ALL_AC_ON_ALFA_MALL_UPLOADED_MARCH_2025.csv"
102,"ETech","AC","ETech 18",""," 159,000 ","UNMATCHED","ALL_AC_ON_ALFA_MALL_UPLOADED_MARCH_2025.csv"
103,"GREE","AC","GREE","","","UNMATCHED","ALL_AC_ON_ALFA_MALL_UPLOADED_MARCH_2025.csv"
104,"GREE","AC","GREE FLOOR","","","UNMATCHED","ALL_AC_ON_ALFA_MALL_UPLOADED_MARCH_2025.csv"
105,"HAIER","AC","HAIER","","","UNMATCHED","ALL_AC_ON_ALFA_MALL_UPLOADED_MARCH_2025.csv"
106,"HAIER","AC","HAIER FLOOR","","","UNMATCHED","ALL_AC_ON_ALFA_MALL_UPLOADED_MARCH_2025.csv"
107,"HES-1212","AC","HES-1212 Esmart",""," 121,000 ","UNMATCHED","ALL_AC_ON_ALFA_MALL_UPLOADED_MARCH_2025.csv"
108,"HES-1213","AC","HES-1213 Grande T3",""," 112,000 ","UNMATCHED","ALL_AC_ON_ALFA_MALL_UPLOADED_MARCH_2025.csv"
109,"HES-1812","AC","HES-1812 Esmart",""," 182,000 ","UNMATCHED","ALL_AC_ON_ALFA_MALL_UPLOADED_MARCH_2025.csv"
110,"HES-1813","AC","HES-1813 Grande T3",""," 154,000 ","UNMATCHED","ALL_AC_ON_ALFA_MALL_UPLOADED_MARCH_2025.csv"
111,"HOMAGE","AC","HOMAGE","","","UNMATCHED","ALL_AC_ON_ALFA_MALL_UPLOADED_MARCH_2025.csv"
112,"Hyper","AC","Hyper T3 S",""," 155,000 ","UNMATCHED","ALL_AC_ON_ALFA_MALL_UPLOADED_MARCH_2025.csv"
113,"Hyper","AC","Hyper T3 W",""," 153,000 ","UNMATCHED","ALL_AC_ON_ALFA_MALL_UPLOADED_MARCH_2025.csv"
114,"KEA-1861","AC","KEA-1861",""," -   ","UNMATCHED","ALL_AC_ON_ALFA_MALL_UPLOADED_MARCH_2025.csv"
115,"KEA-2441","AC","KEA-2441 FLOOR",""," 225,000 ","UNMATCHED","ALL_AC_ON_ALFA_MALL_UPLOADED_MARCH_2025.csv"
116,"KEA-2462","AC","KEA-2462",""," 187,000 ","UNMATCHED","ALL_AC_ON_ALFA_MALL_UPLOADED_MARCH_2025.csv"
117,"KEA-4841","AC","KEA-4841 FLOOR",""," 380,000 ","UNMATCHED","ALL_AC_ON_ALFA_MALL_UPLOADED_MARCH_2025.csv"
118,"KEA-4846","AC","KEA-4846 E-BREEZE",""," 515,000 ","UNMATCHED","ALL_AC_ON_ALFA_MALL_UPLOADED_MARCH_2025.csv"
119,"KEI-2443","AC","KEI-2443 FLOOR",""," -   ","UNMATCHED","ALL_AC_ON_ALFA_MALL_UPLOADED_MARCH_2025.csv"
120,"KEI-2444","AC","KEI-2444 FLOOR (ROUND)",""," 330,000 ","UNMATCHED","ALL_AC_ON_ALFA_MALL_UPLOADED_MARCH_2025.csv"
121,"KEI-2446","AC","KEI-2446 FLOOR",""," 260,000 ","UNMATCHED","ALL_AC_ON_ALFA_MALL_UPLOADED_MARCH_2025.csv"
122,"KEI-2447","AC","KEI-2447 FLOOR (ROUND)",""," 330,000 ","UNMATCHED","ALL_AC_ON_ALFA_MALL_UPLOADED_MARCH_2025.csv"
123,"KEL-1867","AC","KEL-1867",""," 158,000 ","UNMATCHED","ALL_AC_ON_ALFA_MALL_UPLOADED_MARCH_2025.csv"
124,"KEL-2470","AC","KEL-2470",""," 222,000 ","UNMATCHED","ALL_AC_ON_ALFA_MALL_UPLOADED_MARCH_2025.csv"
125,"KEN","AC","KEN 1274",""," 111,000 ","UNMATCHED","ALL_AC_ON_ALFA_MALL_UPLOADED_MARCH_2025.csv"
126,"KEN","AC","KEN 1275",""," 111,000 ","UNMATCHED","ALL_AC_ON_ALFA_MALL_UPLOADED_MARCH_2025.csv"
127,"KEN","AC","KEN 1276 E-Nova",""," 95,000 ","UNMATCHED","ALL_AC_ON_ALFA_MALL_UPLOADED_MARCH_2025.csv"
128,"KEN","AC","KEN 1873",""," 129,000 ","UNMATCHED","ALL_AC_ON_ALFA_MALL_UPLOADED_MARCH_2025.csv"
129,"KEN","AC","KEN 1874",""," 129,000 ","UNMATCHED","ALL_AC_ON_ALFA_MALL_UPLOADED_MARCH_2025.csv"
130,"KEN","AC","KEN 1876 E-Nova",""," 118,000 ","UNMATCHED","ALL_AC_ON_ALFA_MALL_UPLOADED_MARCH_2025.csv"
131,"KEN","AC","KEN 2473",""," 196,000 ","UNMATCHED","ALL_AC_ON_ALFA_MALL_UPLOADED_MARCH_2025.csv"
132,"KEN","AC","KEN 2474",""," 196,000 ","UNMATCHED","ALL_AC_ON_ALFA_MALL_UPLOADED_MARCH_2025.csv"
133,"KEN","AC","KEN 2476 E-Nova",""," 169,000 ","UNMATCHED","ALL_AC_ON_ALFA_MALL_UPLOADED_MARCH_2025.csv"
134,"KENWOOD","AC","KENWOOD","","","UNMATCHED","ALL_AC_ON_ALFA_MALL_UPLOADED_MARCH_2025.csv"
135,"KEO","AC","KEO 1875",""," 129,000 ","UNMATCHED","ALL_AC_ON_ALFA_MALL_UPLOADED_MARCH_2025.csv"
136,"KEO","AC","KEO 2475",""," 196,000 ","UNMATCHED","ALL_AC_ON_ALFA_MALL_UPLOADED_MARCH_2025.csv"
137,"KES","AC","KES 1270",""," 127,000 ","UNMATCHED","ALL_AC_ON_ALFA_MALL_UPLOADED_MARCH_2025.csv"
138,"KES","AC","KES 1271",""," -   ","UNMATCHED","ALL_AC_ON_ALFA_MALL_UPLOADED_MARCH_2025.csv"
139,"KES","AC","KES 1870",""," 161,000 ","UNMATCHED","ALL_AC_ON_ALFA_MALL_UPLOADED_MARCH_2025.csv"
140,"KES","AC","KES 1871",""," 161,000 ","UNMATCHED","ALL_AC_ON_ALFA_MALL_UPLOADED_MARCH_2025.csv"
141,"KES-1267","AC","KES-1267",""," 126,000 ","UNMATCHED","ALL_AC_ON_ALFA_MALL_UPLOADED_MARCH_2025.csv"
142,"MAX","AC","MAX 18",""," 137,000 ","UNMATCHED","ALL_AC_ON_ALFA_MALL_UPLOADED_MARCH_2025.csv"
143,"NO","AC","NO",""," -   ","UNMATCHED","ALL_AC_ON_ALFA_MALL_UPLOADED_MARCH_2025.csv"
144,"ORIENT","AC","ORIENT","","","UNMATCHED","ALL_AC_ON_ALFA_MALL_UPLOADED_MARCH_2025.csv"
145,"ORIENT","AC","ORIENT FLOOR","","","UNMATCHED","ALL_AC_ON_ALFA_MALL_UPLOADED_MARCH_2025.csv"
146,"TAC","AC","TAC 18 T5",""," 176,000 ","UNMATCHED","ALL_AC_ON_ALFA_MALL_UPLOADED_MARCH_2025.csv"
147,"TAC","AC","TAC 24 T5 Smart",""," 197,000 ","UNMATCHED","ALL_AC_ON_ALFA_MALL_UPLOADED_MARCH_2025.csv"
148,"TCL","AC","TCL","","","UNMATCHED","ALL_AC_ON_ALFA_MALL_UPLOADED_MARCH_2025.csv"
149,"TCL","AC","TCL FLOOR","","","UNMATCHED","ALL_AC_ON_ALFA_MALL_UPLOADED_MARCH_2025.csv"
150,"Dawlance","Washing Machine","DAWLANCE AUTO","","","UNMATCHED","W-M_and_M-W.csv"
151,"Dawlance","Washing Machine","DW-14470 ES","","","UNMATCHED","W-M_and_M-W.csv"
152,"Dawlance","Washing Machine","DW-6550 G",""," 39,000 ","UNMATCHED","W-M_and_M-W.csv"
153,"Dawlance","Washing Machine","DW-7200",""," 21,000 ","UNMATCHED","W-M_and_M-W.csv"
154,"DW-11467","Washing Machine","DW-11467 es",""," 55,000 ","UNMATCHED","W-M_ALFA.csv"
155,"DW-1165","Washing Machine","DW-1165",""," 70,000 ","UNMATCHED","W-M_ALFA.csv"
156,"DW-1167","Washing Machine","DW-1167 FLP",""," 64,500 ","UNMATCHED","W-M_ALFA.csv"
157,"DW-1775","Washing Machine","DW-1775",""," 116,000 ","UNMATCHED","W-M_ALFA.csv"
158,"DW-260","Washing Machine","DW-260 LVS Golden",""," 67,000 ","UNMATCHED","W-M_ALFA.csv"
159,"DW-6000","Washing Machine","DW-6000",""," 16,500 ","UNMATCHED","W-M_ALFA.csv"
160,"DW-6100","Washing Machine","DW-6100 Advanco",""," 21,500 ","UNMATCHED","W-M_ALFA.csv"
161,"DW-6100-W","Washing Machine","DW-6100-W",""," 20,500 ","UNMATCHED","W-M_ALFA.csv"
162,"DW-6550-W","Washing Machine","DW-6550-W",""," 34,000 ","UNMATCHED","W-M_ALFA.csv"
163,"DW-7200","Washing Machine","DW-7200 CFL",""," 20,500 ","UNMATCHED","W-M_ALFA.csv"
164,"DW-7200","Washing Machine","DW-7200 WFL",""," 20,500 ","UNMATCHED","W-M_ALFA.csv"
165,"DW-7500","Washing Machine","DW-7500 C",""," 38,000 ","UNMATCHED","W-M_ALFA.csv"
166,"DW-7500","Washing Machine","DW-7500 G",""," 40,000 ","UNMATCHED","W-M_ALFA.csv"
167,"DW-9000","Washing Machine","DW-9000",""," 23,500 ","UNMATCHED","W-M_ALFA.csv"
168,"DW-9100","Washing Machine","DW-9100 Advanco",""," 27,000 ","UNMATCHED","W-M_ALFA.csv"
169,"DW-9100","Washing Machine","DW-9100 G",""," 29,000 ","UNMATCHED","W-M_ALFA.csv"
170,"DW-9200","Washing Machine","DW-9200 CFL",""," 27,000 ","UNMATCHED","W-M_ALFA.csv"
171,"DW-9200","Washing Machine","DW-9200 WFL",""," 26,500 ","UNMATCHED","W-M_ALFA.csv"
172,"DWT","Washing Machine","DWT 9540",""," 59,500 ","UNMATCHED","W-M_ALFA.csv"
173,"DWT-270","Washing Machine","DWT-270 C LVS+",""," 77,000 ","UNMATCHED","W-M_ALFA.csv"
174,"Haier","Washing Machine","Front Load Washing Machine","","","UNMATCHED","W-M_and_M-W.csv"
175,"Haier","Washing Machine","HAIER AUTOMATIC","","","UNMATCHED","W-M_and_M-W.csv"
176,"Haier","Washing Machine","HW-105-B 14959 S8","","","UNMATCHED","W-M_and_M-W.csv"
177,"Haier","Washing Machine","HWM 120-1678",""," 102,000 ","UNMATCHED","W-M_and_M-W.csv"
178,"Haier","Washing Machine","HWM 120AS GREY",""," 42,500 ","UNMATCHED","W-M_and_M-W.csv"
179,"Haier","Washing Machine","HWM 120AS M/W",""," 43,000 ","UNMATCHED","W-M_and_M-W.csv"
180,"Haier","Washing Machine","HWM 80-35",""," 18,300 ","UNMATCHED","W-M_and_M-W.csv"
181,"Haier","Washing Machine","HWM 80-50",""," 18,600 ","UNMATCHED","W-M_and_M-W.csv"
182,"Haier","Washing Machine","HWM 85-826",""," 53,000 ","UNMATCHED","W-M_and_M-W.csv"
183,"Haier","Washing Machine","HWM-130-1217",""," 24,000 ","UNMATCHED","W-M_and_M-W.csv"
184,"Haier","Washing Machine","HWM-150-1789",""," 93,000 ","UNMATCHED","W-M_and_M-W.csv"
185,"Haier","Washing Machine","HWM-80-1708",""," 53,500 ","UNMATCHED","W-M_and_M-W.csv"
186,"Haier","Washing Machine","HWM-80-60",""," 18,800 ","UNMATCHED","W-M_and_M-W.csv"
187,"Haier","Washing Machine","Haier 10.5Kg Washer/Dryer Front Load Washing Machine Wifi HWD 105-B14959-S8U1/On Installment","Haier 10.5Kg HWD 105-B14959-S8U1-BE-On Installment"," 248,500 ","UNMATCHED","Haier_Front_Load_WM_20-09-2024.csv"
188,"Haier","Washing Machine","Haier 8kg Front Load Washing Machine HWM 80-BP12929-S3/On Installment","Haier 8kg HWM 80-BP12929-S3-BE-On Installment"," 163,000 ","UNMATCHED","Haier_Front_Load_WM_20-09-2024.csv"
189,"Haier","Washing Machine","Haier 9KG Inverter Front Load Washing Machine HW90-BP14959-S8/On Installment","Haier 9KG Inverter HW90-BP14959-S8-BE-On Installment"," 178,000 ","UNMATCHED","Haier_Front_Load_WM_20-09-2024.csv"
190,"Haier","Washing Machine","Haier Front Load Wasing Machine  HWM 100-BP14929-S3/On Installment","Haier HWM 100-BP14929-S3-BE-On Installment-4"," 192,500 ","UNMATCHED","Haier_Front_Load_WM_20-09-2024.csv"
191,"Haier","Washing Machine","PEL Microwave Oven PMO-20 BH Classic Plus/On Installment","PEL PMO-20BH Classic Plus-BE-On Installment"," 23,500 ","UNMATCHED","Haier_Front_Load_WM_20-09-2024.csv"
192,"Haier","Washing Machine","PEL PMO 30BG Glamour Microwave Oven 30 Ltr/On Istallments","PEL PMO-30BG Glamour 30Ltr-BE-On Istallments-4"," 38,500 ","UNMATCHED","Haier_Front_Load_WM_20-09-2024.csv"
193,"Haier","Washing Machine","PEL PMO 38BG Glamour Microwave Oven 38 Ltr/On Installments","PEL PMO 38BG Glamour 38 Ltr-BE-On Installments-4"," 44,000 ","UNMATCHED","Haier_Front_Load_WM_20-09-2024.csv"
194,"Haier","Washing Machine","PEL PMO-23 Desire Microwave Oven/On Installments","PEL PMO-23 Desire-BE-On Installments-4"," 32,500 ","UNMATCHED","Haier_Front_Load_WM_20-09-2024.csv"
195,"Haier","Washing Machine","PEL PMO-23 SLM 23 Ltr Desire Microwave Oven/On Installments","PEL PMO-23SLM 23Ltr Desire MWO-BE-On Installments"," 28,500 ","UNMATCHED","Haier_Front_Load_WM_20-09-2024.csv"
196,"Haier","Washing Machine","PEL PMO-25 Convection Microwave Oven/On Installments","PEL PMO-25 Convection-BE-On Installments"," 43,000 ","UNMATCHED","Haier_Front_Load_WM_20-09-2024.csv"
197,"Haier","Washing Machine","PEL PMO-26 Chef Digital Microwave Oven/On Installments","PEL PMO-26 Chef Digital-BE-On Installments"," 37,000 ","UNMATCHED","Haier_Front_Load_WM_20-09-2024.csv"
198,"Haier","Washing Machine","PEL PMO-26 Desire Microwave Oven/On Installments","PEL PMO-26 Desire -BE-On Installments"," 35,500 ","UNMATCHED","Haier_Front_Load_WM_20-09-2024.csv"
199,"Haier","Washing Machine","Pel PMO-30 Desire Microwave Oven 30 Litres/On Installments","Pel PMO-30 Desire -BE-On Installments"," 40,500 ","UNMATCHED","Haier_Front_Load_WM_20-09-2024.csv"
200,"Haier","Washing Machine","Philips Espresso EP2220 Fully automatic espresso machines/On Installments","Philips Espresso EP2220-BE-On Installments-4"," 160,000 ","UNMATCHED","Haier_Front_Load_WM_20-09-2024.csv"
201,"Haier","Washing Machine","TCL Elite TAC-24HEA 2 Ton-BE-On Installments","TCL Elite TAC-24HEA 2 Ton-BE-On Installments"," 198,400 ","UNMATCHED","Haier_Front_Load_WM_20-09-2024.csv"
202,"HW","Washing Machine","HW 100-BP14929 S3",""," 145,000 ","UNMATCHED","W-M_ALFA.csv"
203,"HW-105","Washing Machine","HW-105 B14959 S8 UI",""," 165,000 ","UNMATCHED","W-M_ALFA.csv"
204,"HW-80","Washing Machine","HW-80 BP12929 S6",""," 125,000 ","UNMATCHED","W-M_ALFA.csv"
205,"HW-90","Washing Machine","HW-90 BP 14959 S6","","","UNMATCHED","W-M_ALFA.csv"
206,"HWM","Washing Machine","HWM 100 AS","","","UNMATCHED","W-M_ALFA.csv"
207,"HWM","Washing Machine","HWM 100 BS","","","UNMATCHED","W-M_ALFA.csv"
208,"HWM","Washing Machine","HWM 100 CS",""," 29,500 ","UNMATCHED","W-M_ALFA.csv"
209,"HWM","Washing Machine","HWM 100-1678 E","","","UNMATCHED","W-M_ALFA.csv"
210,"HWM","Washing Machine","HWM 110-186",""," 36,500 ","UNMATCHED","W-M_ALFA.csv"
211,"HWM","Washing Machine","HWM 120-1678 ES8",""," 72,500 ","UNMATCHED","W-M_ALFA.csv"
212,"HWM","Washing Machine","HWM 120-1678 ES9",""," 74,000 ","UNMATCHED","W-M_ALFA.csv"
213,"HWM","Washing Machine","HWM 150-1978",""," 141,000 ","UNMATCHED","W-M_ALFA.csv"
214,"HWM","Washing Machine","HWM 150-B1678 ES8",""," 91,000 ","UNMATCHED","W-M_ALFA.csv"
215,"HWM","Washing Machine","HWM 60-50",""," 17,000 ","UNMATCHED","W-M_ALFA.csv"
216,"HWM","Washing Machine","HWM 80 AS","","","UNMATCHED","W-M_ALFA.csv"
217,"HWM","Washing Machine","HWM 80-1217",""," 18,500 ","UNMATCHED","W-M_ALFA.csv"
218,"HWM","Washing Machine","HWM 80-186",""," 34,000 ","UNMATCHED","W-M_ALFA.csv"
219,"HWM","Washing Machine","HWM 85-826 E",""," 51,500 ","UNMATCHED","W-M_ALFA.csv"
220,"HWM","Washing Machine","HWM 90-1789",""," 63,000 ","UNMATCHED","W-M_ALFA.csv"
221,"HWM","Washing Machine","HWM 90-826",""," 53,000 ","UNMATCHED","W-M_ALFA.csv"
222,"HWM","Washing Machine","HWM 95-1678 ES8/JT",""," 64,500 ","UNMATCHED","W-M_ALFA.csv"
223,"HWM-120","Washing Machine","HWM-120 1978",""," 123,500 ","UNMATCHED","W-M_ALFA.csv"
224,"HWM-120","Washing Machine","HWM-120 AS MG",""," 41,500 ","UNMATCHED","W-M_ALFA.csv"
225,"HWM-120-35","Washing Machine","HWM-120-35",""," 24,500 ","UNMATCHED","W-M_ALFA.csv"
226,"HWM-120-826","Washing Machine","HWM-120-826 B",""," 65,500 ","UNMATCHED","W-M_ALFA.csv"
227,"HWM-120-826","Washing Machine","HWM-120-826 E",""," 60,500 ","UNMATCHED","W-M_ALFA.csv"
228,"HWM-130-1217","Washing Machine","HWM-130-1217 GB",""," 25,000 ","UNMATCHED","W-M_ALFA.csv"
229,"HWM-49101Spinner","Washing Machine","HWM-49101Spinner",""," 17,500 ","UNMATCHED","W-M_ALFA.csv"
230,"HWM-49102","Washing Machine","HWM-49102 GD",""," 27,500 ","UNMATCHED","W-M_ALFA.csv"
231,"HWM-49102","Washing Machine","HWM-49102 P",""," 26,000 ","UNMATCHED","W-M_ALFA.csv"
232,"HWM-49112","Washing Machine","HWM-49112 GD",""," 31,000 ","UNMATCHED","W-M_ALFA.csv"
233,"HWM-49112","Washing Machine","HWM-49112 P",""," 30,000 ","UNMATCHED","W-M_ALFA.csv"
234,"HWM-4991","Washing Machine","HWM-4991",""," 17,700 ","UNMATCHED","W-M_ALFA.csv"
235,"HWM-75","Washing Machine","HWM-75 AS",""," 23,500 ","UNMATCHED","W-M_ALFA.csv"
236,"HWM-80-1269","Washing Machine","HWM-80-1269 X","","","UNMATCHED","W-M_ALFA.csv"
237,"Kenwood","Washing Machine","HOMAGE WASHING MACHINE","","","UNMATCHED","W-M_and_M-W.csv"
238,"KWM-1012","Washing Machine","KWM-1012",""," 32,500 ","UNMATCHED","W-M_ALFA.csv"
239,"KWM-21059","Washing Machine","KWM-21059",""," 29,500 ","UNMATCHED","W-M_ALFA.csv"
240,"KWM-211059","Washing Machine","KWM-211059",""," 28,500 ","UNMATCHED","W-M_ALFA.csv"
241,"KWM-21159","Washing Machine","KWM-21159",""," 32,000 ","UNMATCHED","W-M_ALFA.csv"
242,"KWM-231159","Washing Machine","KWM-231159",""," 32,000 ","UNMATCHED","W-M_ALFA.csv"
243,"KWM-899","Washing Machine","KWM-899 WASHER",""," 18,500 ","UNMATCHED","W-M_ALFA.csv"
244,"KWS-","Washing Machine","KWS- 1050 SPINNER",""," 18,500 ","UNMATCHED","W-M_ALFA.csv"
245,"PAWM","Washing Machine","PAWM 1100",""," 71,000 ","UNMATCHED","W-M_ALFA.csv"
246,"PAWM","Washing Machine","PAWM 1100i",""," 75,000 ","UNMATCHED","W-M_ALFA.csv"
247,"PAWM","Washing Machine","PAWM 900",""," 57,000 ","UNMATCHED","W-M_ALFA.csv"
248,"PAWM","Washing Machine","PAWM 900i",""," 62,000 ","UNMATCHED","W-M_ALFA.csv"
249,"PEL","Washing Machine","Model",""," Net ","UNMATCHED","W-M_and_M-W.csv"
250,"PEL","Washing Machine","Orient Washing Machine","","","UNMATCHED","W-M_and_M-W.csv"
251,"PEL","Washing Machine","PEL","","","UNMATCHED","W-M_ALFA.csv"
252,"PEL","Washing Machine","Royal Washing Machine","","","UNMATCHED","W-M_and_M-W.csv"
253,"PEL","Washing Machine","SA 233",""," 21,500 ","UNMATCHED","W-M_and_M-W.csv"
254,"PEL","Washing Machine","SA 570",""," 19,900 ","UNMATCHED","W-M_and_M-W.csv"
255,"PEL","Washing Machine","SA 572",""," 19,900 ","UNMATCHED","W-M_and_M-W.csv"
256,"PEL","Washing Machine","SPIN DRYER","","","UNMATCHED","W-M_and_M-W.csv"
257,"PEL","Washing Machine","WASH & SPIN","","","UNMATCHED","W-M_and_M-W.csv"
258,"PEL","Washing Machine","WASHER","","","UNMATCHED","W-M_and_M-W.csv"
259,"RD-110","Washing Machine","RD-110 Dryer",""," 20,500 ","UNMATCHED","W-M_ALFA.csv"
260,"RD-112","Washing Machine","RD-112 T Dryer",""," 21,500 ","UNMATCHED","W-M_ALFA.csv"
261,"ROYAL","Washing Machine","ROYAL","","","UNMATCHED","W-M_ALFA.csv"
262,"RWM-1010","Washing Machine","RWM-1010 SB",""," 21,000 ","UNMATCHED","W-M_ALFA.csv"
263,"RWM-1012","Washing Machine","RWM-1012 FB",""," 21,000 ","UNMATCHED","W-M_ALFA.csv"
264,"RWM-1014","Washing Machine","RWM-1014 ST",""," 22,000 ","UNMATCHED","W-M_ALFA.csv"
265,"RWM-1016","Washing Machine","RWM-1016 FT",""," 22,000 ","UNMATCHED","W-M_ALFA.csv"
266,"RWM-8010","Washing Machine","RWM-8010",""," 30,500 ","UNMATCHED","W-M_ALFA.csv"
267,"RWM-8012","Washing Machine","RWM-8012",""," 31,500 ","UNMATCHED","W-M_ALFA.csv"
268,"RWM-8090","Washing Machine","RWM-8090",""," 18,000 ","UNMATCHED","W-M_ALFA.csv"
269,"RWM-8092","Washing Machine","RWM-8092",""," 18,000 ","UNMATCHED","W-M_ALFA.csv"
270,"RWM-8094","Washing Machine","RWM-8094",""," 18,500 ","UNMATCHED","W-M_ALFA.csv"
271,"RWM-9096","Washing Machine","RWM-9096",""," 18,500 ","UNMATCHED","W-M_ALFA.csv"
272,"SA","Washing Machine","SA 110",""," 9,000 ","UNMATCHED","W-M_ALFA.csv"
273,"SA","Washing Machine","SA 111",""," 19,200 ","UNMATCHED","W-M_ALFA.csv"
274,"SA","Washing Machine","SA 210",""," 12,500 ","UNMATCHED","W-M_ALFA.csv"
275,"SA","Washing Machine","SA 240 Shower wash",""," -   ","UNMATCHED","W-M_ALFA.csv"
276,"SA","Washing Machine","SA 242",""," -   ","UNMATCHED","W-M_ALFA.csv"
277,"SA","Washing Machine","SA 245",""," -   ","UNMATCHED","W-M_ALFA.csv"
278,"SA","Washing Machine","SA 255",""," 19,200 ","UNMATCHED","W-M_ALFA.csv"
279,"SA","Washing Machine","SA 260",""," 19,700 ","UNMATCHED","W-M_ALFA.csv"
280,"SA","Washing Machine","SA 270",""," -   ","UNMATCHED","W-M_ALFA.csv"
281,"SA","Washing Machine","SA 280",""," -   ","UNMATCHED","W-M_ALFA.csv"
282,"SA","Washing Machine","SA 290",""," -   ","UNMATCHED","W-M_ALFA.csv"
283,"SA","Washing Machine","SA 550",""," -   ","UNMATCHED","W-M_ALFA.csv"
284,"SA","Washing Machine","SA 555",""," -   ","UNMATCHED","W-M_ALFA.csv"
285,"SA-540","Washing Machine","SA-540",""," -   ","UNMATCHED","W-M_ALFA.csv"
286,"SD-525","Washing Machine","SD-525",""," -   ","UNMATCHED","W-M_ALFA.csv"
287,"SUPERASIA","Washing Machine","SUPERASIA","","","UNMATCHED","W-M_ALFA.csv"
288,"Twister","Washing Machine","Twister 1150",""," 70,000 ","UNMATCHED","W-M_ALFA.csv"
289,"Twister","Washing Machine","Twister 1350",""," 88,000 ","UNMATCHED","W-M_ALFA.csv"
290,"DW-128","Microwave","DW-128",""," 33,000 ","UNMATCHED","ALL_M-W_ALFA.csv"
291,"DW-133","Microwave","DW-133",""," 33,500 ","UNMATCHED","ALL_M-W_ALFA.csv"
292,"DW-136","Microwave","DW-136 **",""," 33,000 ","UNMATCHED","ALL_M-W_ALFA.csv"
293,"DW-162","Microwave","DW-162 **",""," 45,000 ","UNMATCHED","ALL_M-W_ALFA.csv"
294,"DW-210","Microwave","DW-210 Solo",""," 15,700 ","UNMATCHED","ALL_M-W_ALFA.csv"
295,"DW-295","Microwave","DW-295 **",""," 19,500 ","UNMATCHED","ALL_M-W_ALFA.csv"
296,"DW-374","Microwave","DW-374",""," 24,500 ","UNMATCHED","ALL_M-W_ALFA.csv"
297,"DW-388","Microwave","DW-388",""," 23,000 ","UNMATCHED","ALL_M-W_ALFA.csv"
298,"DW-390","Microwave","DW-390 S",""," 24,000 ","UNMATCHED","ALL_M-W_ALFA.csv"
299,"DW-395","Microwave","DW-395",""," 30,000 ","UNMATCHED","ALL_M-W_ALFA.csv"
300,"DW-550","Microwave","DW-550",""," 45,000 ","UNMATCHED","ALL_M-W_ALFA.csv"
301,"HAIER","Microwave","HMN-45200 ESD GRILL","Haier HMN-45200 ESD GRILL SERIES-BE-On Installments"," 48,000 ","UNMATCHED","NEW_PRODUCTS_UPLOAD_AUGUST_2024.csv"
302,"HAIER","Microwave","HMW-20 DSS SOLO","Haier HMW-20DSS DIGITAL SOLO-BE-On Installments"," 25,000 ","UNMATCHED","NEW_PRODUCTS_UPLOAD_AUGUST_2024.csv"
303,"HAIER","Microwave","HMW-20MBS SOLO","Haier HMW-20MBS SOLO-BE-On Installments"," 18,500 ","UNMATCHED","NEW_PRODUCTS_UPLOAD_AUGUST_2024.csv"
304,"HAIER","Microwave","HMW-20MX12 SOLO","Haier HMW-20MX12 SOLO Microwave Oven-BE-On Installments"," 20,500 ","UNMATCHED","NEW_PRODUCTS_UPLOAD_AUGUST_2024.csv"
305,"HAIER","Microwave","HMW-23200 GRILL","Haier HMW-23200 Grill Series-BE-On Installments"," 33,000 ","UNMATCHED","NEW_PRODUCTS_UPLOAD_AUGUST_2024.csv"
306,"HAIER","Microwave","HMW-28100 GRILL","Haier HMW-28100 Grill Series-BE-On Installments"," 32,500 ","UNMATCHED","NEW_PRODUCTS_UPLOAD_AUGUST_2024.csv"
307,"HGL","Microwave","HGL 20 MXP7",""," 13,500 ","UNMATCHED","ALL_M-W_ALFA.csv"
308,"HGL","Microwave","HGL 20 MXP8",""," 13,500 ","UNMATCHED","ALL_M-W_ALFA.csv"
309,"HGL-25MXP8","Microwave","HGL-25MXP8",""," 23,000 ","UNMATCHED","ALL_M-W_ALFA.csv"
310,"HGL-28100","Microwave","HGL-28100",""," 28,000 ","UNMATCHED","ALL_M-W_ALFA.csv"
311,"HGL-30100","Microwave","HGL-30100",""," 38,000 ","UNMATCHED","ALL_M-W_ALFA.csv"
312,"HMN","Microwave","HMN 20 MXP5",""," 13,500 ","UNMATCHED","ALL_M-W_ALFA.csv"
313,"HMN","Microwave","HMN 20 MXP6",""," 13,500 ","UNMATCHED","ALL_M-W_ALFA.csv"
314,"HMO-45200","Microwave","HMO-45200",""," 38,000 ","UNMATCHED","ALL_M-W_ALFA.csv"
315,"HMO-62","Microwave","HMO-62 MX80",""," 46,000 ","UNMATCHED","ALL_M-W_ALFA.csv"
316,"HMW-20","Microwave","HMW-20 DGS GRILL",""," 20,000 ","UNMATCHED","ALL_M-W_ALFA.csv"
317,"HMW-20","Microwave","HMW-20 DSS Digital",""," 17,000 ","UNMATCHED","ALL_M-W_ALFA.csv"
318,"HMW-20","Microwave","HMW-20 MBS",""," 13,500 ","UNMATCHED","ALL_M-W_ALFA.csv"
319,"HMW-20","Microwave","HMW-20 MHES",""," 16,500 ","UNMATCHED","ALL_M-W_ALFA.csv"
320,"HMW-20","Microwave","HMW-20 MWS",""," 13,500 ","UNMATCHED","ALL_M-W_ALFA.csv"
321,"HMW-20","Microwave","HMW-20 MX11",""," 14,000 ","UNMATCHED","ALL_M-W_ALFA.csv"
322,"HMW-20","Microwave","HMW-20 MX12",""," 14,000 ","UNMATCHED","ALL_M-W_ALFA.csv"
323,"HMW-30","Microwave","HMW-30 AFR",""," 49,000 ","UNMATCHED","ALL_M-W_ALFA.csv"
324,"HMW-30","Microwave","HMW-30 AFS",""," 49,000 ","UNMATCHED","ALL_M-W_ALFA.csv"
325,"MD-10","Microwave","MD-10",""," 17,500 ","UNMATCHED","ALL_M-W_ALFA.csv"
326,"MD-15","Microwave","MD-15",""," 15,000 ","UNMATCHED","ALL_M-W_ALFA.csv"
327,"MD-20","Microwave","MD-20 INV",""," 16,500 ","UNMATCHED","ALL_M-W_ALFA.csv"
328,"MD-4","Microwave","MD-4",""," 16,500 ","UNMATCHED","ALL_M-W_ALFA.csv"
329,"MD-7","Microwave","MD-7",""," 18,500 ","UNMATCHED","ALL_M-W_ALFA.csv"
330,"Microwave","Microwave","20D Kabab Solo",""," 19,000 ","UNMATCHED","ALL_M-W_ALFA.csv"
331,"Microwave","Microwave","20M Macaroni Solo",""," 15,000 ","UNMATCHED","ALL_M-W_ALFA.csv"
332,"Microwave","Microwave","20M Panini Solo",""," 15,000 ","UNMATCHED","ALL_M-W_ALFA.csv"
333,"Microwave","Microwave","20M Popcorn Solo",""," 18,000 ","UNMATCHED","ALL_M-W_ALFA.csv"
334,"Microwave","Microwave","23D Pasta Grill",""," 25,500 ","UNMATCHED","ALL_M-W_ALFA.csv"
335,"Microwave","Microwave","23D Roast Grill",""," 25,500 ","UNMATCHED","ALL_M-W_ALFA.csv"
336,"Microwave","Microwave","30D Muffin Grill",""," 34,800 ","UNMATCHED","ALL_M-W_ALFA.csv"
337,"Microwave","Microwave","34D Pizza Grill",""," 36,000 ","UNMATCHED","ALL_M-W_ALFA.csv"
338,"Orient","Microwave","Kabab 20D Solo Black","Orient Kabab 20D Solo Black-BE-On Installments"," 24,000 ","UNMATCHED","NEW_PRODUCTS_UPLOAD_AUGUST_2024.csv"
339,"Orient","Microwave","Macaroni 20M Solo Black","Orient Macaroni 20M Solo Black-BE-On Installments"," 19,500 ","UNMATCHED","NEW_PRODUCTS_UPLOAD_AUGUST_2024.csv"
340,"Orient","Microwave","Muffin 30D","Orient Muffin 30D Grill Black-BE-On Instalmments"," 42,000 ","UNMATCHED","NEW_PRODUCTS_UPLOAD_AUGUST_2024.csv"
341,"Orient","Microwave","Panini 20M Solo Black","Orient Panini 20M Solo Black-BE-On Installments"," 19,500 ","UNMATCHED","NEW_PRODUCTS_UPLOAD_AUGUST_2024.csv"
342,"Orient","Microwave","Pasta 23D Solo Black","Orient Pasta 23D Solo Black-BE-On Installments"," 31,000 ","UNMATCHED","NEW_PRODUCTS_UPLOAD_AUGUST_2024.csv"
343,"Orient","Microwave","Pizza 34D","Orient Pizza 34D Grill Black-BE-On Insrallments"," 43,000 ","UNMATCHED","NEW_PRODUCTS_UPLOAD_AUGUST_2024.csv"
344,"Orient","Microwave","Popcorn 20M Solo Black","Orient Popcorn 20M Solo Black-BE-On Installments"," 22,500 ","UNMATCHED","NEW_PRODUCTS_UPLOAD_AUGUST_2024.csv"
345,"Orient","Microwave","Roast 23D Solo Black","Orient Roast 23D Grill Black-BE-On Installments"," 31,000 ","UNMATCHED","NEW_PRODUCTS_UPLOAD_AUGUST_2024.csv"
346,"PMO-23","Microwave","PMO-23 DESIRE",""," 26,700 ","UNMATCHED","ALL_M-W_ALFA.csv"
347,"PMO-23","Microwave","PMO-23 SLM",""," 23,300 ","UNMATCHED","ALL_M-W_ALFA.csv"
348,"PMO-26","Microwave","PMO-26 DESIRE",""," 29,300 ","UNMATCHED","ALL_M-W_ALFA.csv"
349,"PMO-30","Microwave","PMO-30 DESIRE",""," 33,000 ","UNMATCHED","ALL_M-W_ALFA.csv"
350,"Crystal/Marvel/Flare","Water Dispenser","Crystal/Marvel/Flare 3",""," 37,500 ","UNMATCHED","ALL_W-D_ALFA.csv"
351,"HC","Water Dispenser","HC 51 B",""," 33,000 ","UNMATCHED","ALL_W-D_ALFA.csv"
352,"HC","Water Dispenser","HC 52 R",""," 33,000 ","UNMATCHED","ALL_W-D_ALFA.csv"
353,"HC","Water Dispenser","HC 53 G",""," 33,000 ","UNMATCHED","ALL_W-D_ALFA.csv"
354,"HC","Water Dispenser","HC 54 G",""," 33,000 ","UNMATCHED","ALL_W-D_ALFA.csv"
355,"HC","Water Dispenser","HC 55 W",""," 33,000 ","UNMATCHED","ALL_W-D_ALFA.csv"
356,"HC","Water Dispenser","HC 56 B",""," 33,000 ","UNMATCHED","ALL_W-D_ALFA.csv"
357,"HC","Water Dispenser","HC 57 W",""," 33,000 ","UNMATCHED","ALL_W-D_ALFA.csv"
358,"HWD-49332","Water Dispenser","HWD-49332 P",""," 29,000 ","UNMATCHED","ALL_W-D_ALFA.csv"
359,"HWD-49432","Water Dispenser","HWD-49432 G",""," 31,500 ","UNMATCHED","ALL_W-D_ALFA.csv"
360,"Orient","Water Dispenser","Orient Icon 2",""," 31,500 ","UNMATCHED","ALL_W-D_ALFA.csv"
361,"Orient","Water Dispenser","Orient Icon 3",""," 32,500 ","UNMATCHED","ALL_W-D_ALFA.csv"
362,"PEL","Water Dispenser","PEL 525 Curved Glassdoor Dispenser/On Installments","PEL 525 Curved Glassdoor WD-BE-On Installments"," 43,500 ","UNMATCHED","PEL_WATER_DISPENSER_OCT_2024.csv"
363,"PWD-315","Water Dispenser","PWD-315",""," 32,000 ","UNMATCHED","ALL_W-D_ALFA.csv"
364,"PWD-425","Water Dispenser","PWD-425",""," 33,500 ","UNMATCHED","ALL_W-D_ALFA.csv"
365,"WestPoint","Kitchen Appliance","WestPoint 1153","","","UNMATCHED","NEW_PORTAL_WESTPOINT_APPLIANCES.csv"
366,"WestPoint","Kitchen Appliance","WestPoint 1154","","","UNMATCHED","NEW_PORTAL_WESTPOINT_APPLIANCES.csv"
367,"WestPoint","Kitchen Appliance","WestPoint 1155","","","UNMATCHED","NEW_PORTAL_WESTPOINT_APPLIANCES.csv"
368,"WestPoint","Kitchen Appliance","WestPoint 1156","","","UNMATCHED","NEW_PORTAL_WESTPOINT_APPLIANCES.csv"
369,"WestPoint","Kitchen Appliance","WestPoint 1186","","","UNMATCHED","NEW_PORTAL_WESTPOINT_APPLIANCES.csv"
370,"WestPoint","Kitchen Appliance","WestPoint 1201","","","UNMATCHED","NEW_PORTAL_WESTPOINT_APPLIANCES.csv"
371,"WestPoint","Kitchen Appliance","WestPoint 1203","","","UNMATCHED","NEW_PORTAL_WESTPOINT_APPLIANCES.csv"
372,"WestPoint","Kitchen Appliance","WestPoint 1253","","","UNMATCHED","NEW_PORTAL_WESTPOINT_APPLIANCES.csv"
373,"WestPoint","Kitchen Appliance","WestPoint 1353","","","UNMATCHED","NEW_PORTAL_WESTPOINT_APPLIANCES.csv"
374,"WestPoint","Kitchen Appliance","WestPoint 1833","","","UNMATCHED","NEW_PORTAL_WESTPOINT_APPLIANCES.csv"
375,"WestPoint","Kitchen Appliance","WestPoint 1844","","","UNMATCHED","NEW_PORTAL_WESTPOINT_APPLIANCES.csv"
376,"WestPoint","Kitchen Appliance","WestPoint 1846","","","UNMATCHED","NEW_PORTAL_WESTPOINT_APPLIANCES.csv"
377,"WestPoint","Kitchen Appliance","WestPoint 1851","","","UNMATCHED","NEW_PORTAL_WESTPOINT_APPLIANCES.csv"
378,"WestPoint","Kitchen Appliance","WestPoint 1853","","","UNMATCHED","NEW_PORTAL_WESTPOINT_APPLIANCES.csv"
379,"WestPoint","Kitchen Appliance","WestPoint 1860","","","UNMATCHED","NEW_PORTAL_WESTPOINT_APPLIANCES.csv"
380,"WestPoint","Kitchen Appliance","WestPoint 2020","","","UNMATCHED","NEW_PORTAL_WESTPOINT_APPLIANCES.csv"
381,"WestPoint","Kitchen Appliance","WestPoint 2023","","","UNMATCHED","NEW_PORTAL_WESTPOINT_APPLIANCES.csv"
382,"WestPoint","Kitchen Appliance","WestPoint 2024","","","UNMATCHED","NEW_PORTAL_WESTPOINT_APPLIANCES.csv"
383,"WestPoint","Kitchen Appliance","WestPoint 2025","","","UNMATCHED","NEW_PORTAL_WESTPOINT_APPLIANCES.csv"
384,"WestPoint","Kitchen Appliance","WestPoint 2063","","","UNMATCHED","NEW_PORTAL_WESTPOINT_APPLIANCES.csv"
385,"WestPoint","Kitchen Appliance","WestPoint 2064","","","UNMATCHED","NEW_PORTAL_WESTPOINT_APPLIANCES.csv"
386,"WestPoint","Kitchen Appliance","WestPoint 2065","","","UNMATCHED","NEW_PORTAL_WESTPOINT_APPLIANCES.csv"
387,"WestPoint","Kitchen Appliance","WestPoint 2386","","","UNMATCHED","NEW_PORTAL_WESTPOINT_APPLIANCES.csv"
388,"WestPoint","Kitchen Appliance","WestPoint 2405","","","UNMATCHED","NEW_PORTAL_WESTPOINT_APPLIANCES.csv"
389,"WestPoint","Kitchen Appliance","WestPoint 2409","","","UNMATCHED","NEW_PORTAL_WESTPOINT_APPLIANCES.csv"
390,"WestPoint","Kitchen Appliance","WestPoint 2432","","","UNMATCHED","NEW_PORTAL_WESTPOINT_APPLIANCES.csv"
391,"WestPoint","Kitchen Appliance","WestPoint 2451","","","UNMATCHED","NEW_PORTAL_WESTPOINT_APPLIANCES.csv"
392,"WestPoint","Kitchen Appliance","WestPoint 2803","","","UNMATCHED","NEW_PORTAL_WESTPOINT_APPLIANCES.csv"
393,"WestPoint","Kitchen Appliance","WestPoint 2804","","","UNMATCHED","NEW_PORTAL_WESTPOINT_APPLIANCES.csv"
394,"WestPoint","Kitchen Appliance","WestPoint 2805","","","UNMATCHED","NEW_PORTAL_WESTPOINT_APPLIANCES.csv"
395,"WestPoint","Kitchen Appliance","WestPoint 3117","","","UNMATCHED","NEW_PORTAL_WESTPOINT_APPLIANCES.csv"
396,"WestPoint","Kitchen Appliance","WestPoint 3118","","","UNMATCHED","NEW_PORTAL_WESTPOINT_APPLIANCES.csv"
397,"WestPoint","Kitchen Appliance","WestPoint 3119","","","UNMATCHED","NEW_PORTAL_WESTPOINT_APPLIANCES.csv"
398,"WestPoint","Kitchen Appliance","WestPoint 312","","","UNMATCHED","NEW_PORTAL_WESTPOINT_APPLIANCES.csv"
399,"WestPoint","Kitchen Appliance","WestPoint 313","","","UNMATCHED","NEW_PORTAL_WESTPOINT_APPLIANCES.csv"
400,"WestPoint","Kitchen Appliance","WestPoint 314","","","UNMATCHED","NEW_PORTAL_WESTPOINT_APPLIANCES.csv"
401,"WestPoint","Kitchen Appliance","WestPoint 332","","","UNMATCHED","NEW_PORTAL_WESTPOINT_APPLIANCES.csv"
402,"WestPoint","Kitchen Appliance","WestPoint 333","","","UNMATCHED","NEW_PORTAL_WESTPOINT_APPLIANCES.csv"
403,"WestPoint","Kitchen Appliance","WestPoint 342","","","UNMATCHED","NEW_PORTAL_WESTPOINT_APPLIANCES.csv"
404,"WestPoint","Kitchen Appliance","WestPoint 343","","","UNMATCHED","NEW_PORTAL_WESTPOINT_APPLIANCES.csv"
405,"WestPoint","Kitchen Appliance","WestPoint 364","","","UNMATCHED","NEW_PORTAL_WESTPOINT_APPLIANCES.csv"
406,"WestPoint","Kitchen Appliance","WestPoint 366","","","UNMATCHED","NEW_PORTAL_WESTPOINT_APPLIANCES.csv"
407,"WestPoint","Kitchen Appliance","WestPoint 367","","","UNMATCHED","NEW_PORTAL_WESTPOINT_APPLIANCES.csv"
408,"WestPoint","Kitchen Appliance","WestPoint 368","","","UNMATCHED","NEW_PORTAL_WESTPOINT_APPLIANCES.csv"
409,"WestPoint","Kitchen Appliance","WestPoint 3804","","","UNMATCHED","NEW_PORTAL_WESTPOINT_APPLIANCES.csv"
410,"WestPoint","Kitchen Appliance","WestPoint 408","","","UNMATCHED","NEW_PORTAL_WESTPOINT_APPLIANCES.csv"
411,"WestPoint","Kitchen Appliance","WestPoint 409","","","UNMATCHED","NEW_PORTAL_WESTPOINT_APPLIANCES.csv"
412,"WestPoint","Kitchen Appliance","WestPoint 410","","","UNMATCHED","NEW_PORTAL_WESTPOINT_APPLIANCES.csv"
413,"WestPoint","Kitchen Appliance","WestPoint 411","","","UNMATCHED","NEW_PORTAL_WESTPOINT_APPLIANCES.csv"
414,"WestPoint","Kitchen Appliance","WestPoint 4201","","","UNMATCHED","NEW_PORTAL_WESTPOINT_APPLIANCES.csv"
415,"WestPoint","Kitchen Appliance","WestPoint 4805","","","UNMATCHED","NEW_PORTAL_WESTPOINT_APPLIANCES.csv"
416,"WestPoint","Kitchen Appliance","WestPoint 4806","","","UNMATCHED","NEW_PORTAL_WESTPOINT_APPLIANCES.csv"
417,"WestPoint","Kitchen Appliance","WestPoint 5160","","","UNMATCHED","NEW_PORTAL_WESTPOINT_APPLIANCES.csv"
418,"WestPoint","Kitchen Appliance","WestPoint 5161","","","UNMATCHED","NEW_PORTAL_WESTPOINT_APPLIANCES.csv"
419,"WestPoint","Kitchen Appliance","WestPoint 578","","","UNMATCHED","NEW_PORTAL_WESTPOINT_APPLIANCES.csv"
420,"WestPoint","Kitchen Appliance","WestPoint 5805","","","UNMATCHED","NEW_PORTAL_WESTPOINT_APPLIANCES.csv"
421,"WestPoint","Kitchen Appliance","WestPoint 5806","","","UNMATCHED","NEW_PORTAL_WESTPOINT_APPLIANCES.csv"
422,"WestPoint","Kitchen Appliance","WestPoint 6170","","","UNMATCHED","NEW_PORTAL_WESTPOINT_APPLIANCES.csv"
423,"WestPoint","Kitchen Appliance","WestPoint 6171","","","UNMATCHED","NEW_PORTAL_WESTPOINT_APPLIANCES.csv"
424,"WestPoint","Kitchen Appliance","WestPoint 6172","","","UNMATCHED","NEW_PORTAL_WESTPOINT_APPLIANCES.csv"
425,"WestPoint","Kitchen Appliance","WestPoint 6173","","","UNMATCHED","NEW_PORTAL_WESTPOINT_APPLIANCES.csv"
426,"WestPoint","Kitchen Appliance","WestPoint 6174","","","UNMATCHED","NEW_PORTAL_WESTPOINT_APPLIANCES.csv"
427,"WestPoint","Kitchen Appliance","WestPoint 6175","","","UNMATCHED","NEW_PORTAL_WESTPOINT_APPLIANCES.csv"
428,"WestPoint","Kitchen Appliance","WestPoint 6178","","","UNMATCHED","NEW_PORTAL_WESTPOINT_APPLIANCES.csv"
429,"WestPoint","Kitchen Appliance","WestPoint 6201","","","UNMATCHED","NEW_PORTAL_WESTPOINT_APPLIANCES.csv"
430,"WestPoint","Kitchen Appliance","WestPoint 6203","","","UNMATCHED","NEW_PORTAL_WESTPOINT_APPLIANCES.csv"
431,"WestPoint","Kitchen Appliance","WestPoint 6217","","","UNMATCHED","NEW_PORTAL_WESTPOINT_APPLIANCES.csv"
432,"WestPoint","Kitchen Appliance","WestPoint 6259","","","UNMATCHED","NEW_PORTAL_WESTPOINT_APPLIANCES.csv"
433,"WestPoint","Kitchen Appliance","WestPoint 6260","","","UNMATCHED","NEW_PORTAL_WESTPOINT_APPLIANCES.csv"
434,"WestPoint","Kitchen Appliance","WestPoint 6270","","","UNMATCHED","NEW_PORTAL_WESTPOINT_APPLIANCES.csv"
435,"WestPoint","Kitchen Appliance","WestPoint 6275","","","UNMATCHED","NEW_PORTAL_WESTPOINT_APPLIANCES.csv"
436,"WestPoint","Kitchen Appliance","WestPoint 6280","","","UNMATCHED","NEW_PORTAL_WESTPOINT_APPLIANCES.csv"
437,"WestPoint","Kitchen Appliance","WestPoint 672","","","UNMATCHED","NEW_PORTAL_WESTPOINT_APPLIANCES.csv"
438,"WestPoint","Kitchen Appliance","WestPoint 6807","","","UNMATCHED","NEW_PORTAL_WESTPOINT_APPLIANCES.csv"
439,"WestPoint","Kitchen Appliance","WestPoint 6808","","","UNMATCHED","NEW_PORTAL_WESTPOINT_APPLIANCES.csv"
440,"WestPoint","Kitchen Appliance","WestPoint 6809","","","UNMATCHED","NEW_PORTAL_WESTPOINT_APPLIANCES.csv"
441,"WestPoint","Kitchen Appliance","WestPoint 6810","","","UNMATCHED","NEW_PORTAL_WESTPOINT_APPLIANCES.csv"
442,"WestPoint","Kitchen Appliance","WestPoint 6811","","","UNMATCHED","NEW_PORTAL_WESTPOINT_APPLIANCES.csv"
443,"WestPoint","Kitchen Appliance","WestPoint 718","","","UNMATCHED","NEW_PORTAL_WESTPOINT_APPLIANCES.csv"
444,"WestPoint","Kitchen Appliance","WestPoint 7181","","","UNMATCHED","NEW_PORTAL_WESTPOINT_APPLIANCES.csv"
445,"WestPoint","Kitchen Appliance","WestPoint 7182","","","UNMATCHED","NEW_PORTAL_WESTPOINT_APPLIANCES.csv"
446,"WestPoint","Kitchen Appliance","WestPoint 7201","","","UNMATCHED","NEW_PORTAL_WESTPOINT_APPLIANCES.csv"
447,"WestPoint","Kitchen Appliance","WestPoint 738","","","UNMATCHED","NEW_PORTAL_WESTPOINT_APPLIANCES.csv"
448,"WestPoint","Kitchen Appliance","WestPoint 7381","","","UNMATCHED","NEW_PORTAL_WESTPOINT_APPLIANCES.csv"
449,"WestPoint","Kitchen Appliance","WestPoint 7382","","","UNMATCHED","NEW_PORTAL_WESTPOINT_APPLIANCES.csv"
450,"WestPoint","Kitchen Appliance","WestPoint 7501","","","UNMATCHED","NEW_PORTAL_WESTPOINT_APPLIANCES.csv"
451,"WestPoint","Kitchen Appliance","WestPoint 7701","","","UNMATCHED","NEW_PORTAL_WESTPOINT_APPLIANCES.csv"
452,"WestPoint","Kitchen Appliance","WestPoint 772","","","UNMATCHED","NEW_PORTAL_WESTPOINT_APPLIANCES.csv"
453,"WestPoint","Kitchen Appliance","WestPoint 7805","","","UNMATCHED","NEW_PORTAL_WESTPOINT_APPLIANCES.csv"
454,"WestPoint","Kitchen Appliance","WestPoint 7806","","","UNMATCHED","NEW_PORTAL_WESTPOINT_APPLIANCES.csv"
455,"WestPoint","Kitchen Appliance","WestPoint 78B","","","UNMATCHED","NEW_PORTAL_WESTPOINT_APPLIANCES.csv"
456,"WestPoint","Kitchen Appliance","WestPoint 7901","","","UNMATCHED","NEW_PORTAL_WESTPOINT_APPLIANCES.csv"
457,"WestPoint","Kitchen Appliance","WestPoint 80B","","","UNMATCHED","NEW_PORTAL_WESTPOINT_APPLIANCES.csv"
458,"WestPoint","Kitchen Appliance","WestPoint 81B","","","UNMATCHED","NEW_PORTAL_WESTPOINT_APPLIANCES.csv"
459,"WestPoint","Kitchen Appliance","WestPoint 8270","","","UNMATCHED","NEW_PORTAL_WESTPOINT_APPLIANCES.csv"
460,"WestPoint","Kitchen Appliance","WestPoint 84B","","","UNMATCHED","NEW_PORTAL_WESTPOINT_APPLIANCES.csv"
461,"WestPoint","Kitchen Appliance","WestPoint 86B","","","UNMATCHED","NEW_PORTAL_WESTPOINT_APPLIANCES.csv"
462,"WestPoint","Kitchen Appliance","WestPoint 8813","","","UNMATCHED","NEW_PORTAL_WESTPOINT_APPLIANCES.csv"
463,"WestPoint","Kitchen Appliance","WestPoint 8814","","","UNMATCHED","NEW_PORTAL_WESTPOINT_APPLIANCES.csv"
464,"WestPoint","Kitchen Appliance","WestPoint 8815","","","UNMATCHED","NEW_PORTAL_WESTPOINT_APPLIANCES.csv"
465,"WestPoint","Kitchen Appliance","WestPoint 8817","","","UNMATCHED","NEW_PORTAL_WESTPOINT_APPLIANCES.csv"
466,"WestPoint","Kitchen Appliance","WestPoint 8818","","","UNMATCHED","NEW_PORTAL_WESTPOINT_APPLIANCES.csv"
467,"WestPoint","Kitchen Appliance","WestPoint 8819","","","UNMATCHED","NEW_PORTAL_WESTPOINT_APPLIANCES.csv"
468,"WestPoint","Kitchen Appliance","WestPoint 8823","","","UNMATCHED","NEW_PORTAL_WESTPOINT_APPLIANCES.csv"
469,"WestPoint","Kitchen Appliance","WestPoint 8824","","","UNMATCHED","NEW_PORTAL_WESTPOINT_APPLIANCES.csv"
470,"WestPoint","Kitchen Appliance","WestPoint 90B","","","UNMATCHED","NEW_PORTAL_WESTPOINT_APPLIANCES.csv"
471,"WestPoint","Kitchen Appliance","WestPoint 9202","","","UNMATCHED","NEW_PORTAL_WESTPOINT_APPLIANCES.csv"
472,"WestPoint","Kitchen Appliance","WestPoint 9225","","","UNMATCHED","NEW_PORTAL_WESTPOINT_APPLIANCES.csv"
473,"WestPoint","Kitchen Appliance","WestPoint 9226","","","UNMATCHED","NEW_PORTAL_WESTPOINT_APPLIANCES.csv"
474,"WestPoint","Kitchen Appliance","WestPoint 9228","","","UNMATCHED","NEW_PORTAL_WESTPOINT_APPLIANCES.csv"
475,"WestPoint","Kitchen Appliance","WestPoint 929","","","UNMATCHED","NEW_PORTAL_WESTPOINT_APPLIANCES.csv"
476,"WestPoint","Kitchen Appliance","WestPoint 9291","","","UNMATCHED","NEW_PORTAL_WESTPOINT_APPLIANCES.csv"
477,"WestPoint","Kitchen Appliance","WestPoint 9292","","","UNMATCHED","NEW_PORTAL_WESTPOINT_APPLIANCES.csv"
478,"WestPoint","Kitchen Appliance","WestPoint 9301","","","UNMATCHED","NEW_PORTAL_WESTPOINT_APPLIANCES.csv"
479,"WestPoint","Kitchen Appliance","WestPoint 9401","","","UNMATCHED","NEW_PORTAL_WESTPOINT_APPLIANCES.csv"
480,"WestPoint","Kitchen Appliance","WestPoint 949","","","UNMATCHED","NEW_PORTAL_WESTPOINT_APPLIANCES.csv"
481,"WestPoint","Kitchen Appliance","WestPoint 9491","","","UNMATCHED","NEW_PORTAL_WESTPOINT_APPLIANCES.csv"
482,"WestPoint","Kitchen Appliance","WestPoint 9492","","","UNMATCHED","NEW_PORTAL_WESTPOINT_APPLIANCES.csv"
483,"WestPoint","Kitchen Appliance","WestPoint 9501","","","UNMATCHED","NEW_PORTAL_WESTPOINT_APPLIANCES.csv"
484,"WestPoint","Kitchen Appliance","WestPoint 9601","","","UNMATCHED","NEW_PORTAL_WESTPOINT_APPLIANCES.csv"
485,"WestPoint","Kitchen Appliance","WestPoint 9701","","","UNMATCHED","NEW_PORTAL_WESTPOINT_APPLIANCES.csv"
486,"WestPoint","Kitchen Appliance","WestPoint 9714","","","UNMATCHED","NEW_PORTAL_WESTPOINT_APPLIANCES.csv"
487,"WestPoint","Kitchen Appliance","WestPoint 9715","","","UNMATCHED","NEW_PORTAL_WESTPOINT_APPLIANCES.csv"
488,"WestPoint","Kitchen Appliance","WestPoint 9801","","","UNMATCHED","NEW_PORTAL_WESTPOINT_APPLIANCES.csv"
489,"WestPoint","Kitchen Appliance","WestPoint 9802","","","UNMATCHED","NEW_PORTAL_WESTPOINT_APPLIANCES.csv"
490,"WestPoint","Kitchen Appliance","WestPoint 9804","","","UNMATCHED","NEW_PORTAL_WESTPOINT_APPLIANCES.csv"
491,"WestPoint","Kitchen Appliance","WestPoint 9805","","","UNMATCHED","NEW_PORTAL_WESTPOINT_APPLIANCES.csv"
492,"WestPoint","Kitchen Appliance","WestPoint 9814","","","UNMATCHED","NEW_PORTAL_WESTPOINT_APPLIANCES.csv"
493,"WestPoint","Kitchen Appliance","WestPoint 9815","","","UNMATCHED","NEW_PORTAL_WESTPOINT_APPLIANCES.csv"
494,"WestPoint","Kitchen Appliance","WestPoint 9816","","","UNMATCHED","NEW_PORTAL_WESTPOINT_APPLIANCES.csv"
495,"WestPoint","Kitchen Appliance","WestPoint 98B","","","UNMATCHED","NEW_PORTAL_WESTPOINT_APPLIANCES.csv"
496,"WestPoint","Kitchen Appliance","WestPoint 9901","","","UNMATCHED","NEW_PORTAL_WESTPOINT_APPLIANCES.csv"
497,"WestPoint","Kitchen Appliance","WestPoint 9914","","","UNMATCHED","NEW_PORTAL_WESTPOINT_APPLIANCES.csv"
498,"WestPoint","Kitchen Appliance","WestPoint 9915","","","UNMATCHED","NEW_PORTAL_WESTPOINT_APPLIANCES.csv"
499,"WestPoint","Kitchen Appliance","WestPoint 9916","","","UNMATCHED","NEW_PORTAL_WESTPOINT_APPLIANCES.csv"
500,"WestPoint","Kitchen Appliance","WestPoint WF-103","","","UNMATCHED","WEST_POINT_NEW_PORTAL_UPLOADED_APPLIANCES.csv"
501,"WestPoint","Kitchen Appliance","WestPoint WF-1046","","","UNMATCHED","WEST_POINT_NEW_PORTAL_UPLOADED_APPLIANCES.csv"
502,"WestPoint","Kitchen Appliance","WestPoint WF-1099","","","UNMATCHED","WEST_POINT_NEW_PORTAL_UPLOADED_APPLIANCES.csv"
503,"WestPoint","Kitchen Appliance","WestPoint WF-142","","","UNMATCHED","NEW_PORTAL_WESTPOINT_APPLIANCES.csv"
504,"WestPoint","Kitchen Appliance","WestPoint WF-143","","","UNMATCHED","NEW_PORTAL_WESTPOINT_APPLIANCES.csv"
505,"WestPoint","Kitchen Appliance","WestPoint WF-152","","","UNMATCHED","NEW_PORTAL_WESTPOINT_APPLIANCES.csv"
506,"WestPoint","Kitchen Appliance","WestPoint WF-162","","","UNMATCHED","NEW_PORTAL_WESTPOINT_APPLIANCES.csv"
507,"WestPoint","Kitchen Appliance","WestPoint WF-231","","","UNMATCHED","WEST_POINT_NEW_PORTAL_UPLOADED_APPLIANCES.csv"
508,"WestPoint","Kitchen Appliance","WestPoint WF-2310","","","UNMATCHED","NEW_PORTAL_WESTPOINT_APPLIANCES.csv"
509,"WestPoint","Kitchen Appliance","WestPoint WF-2528","","","UNMATCHED","WEST_POINT_NEW_PORTAL_UPLOADED_APPLIANCES.csv"
510,"WestPoint","Kitchen Appliance","WestPoint WF-2533","","","UNMATCHED","WEST_POINT_NEW_PORTAL_UPLOADED_APPLIANCES.csv"
511,"WestPoint","Kitchen Appliance","WestPoint WF-2538","","","UNMATCHED","WEST_POINT_NEW_PORTAL_UPLOADED_APPLIANCES.csv"
512,"WestPoint","Kitchen Appliance","WestPoint WF-2542","","","UNMATCHED","WEST_POINT_NEW_PORTAL_UPLOADED_APPLIANCES.csv"
513,"WestPoint","Kitchen Appliance","WestPoint WF-2589","","","UNMATCHED","WEST_POINT_NEW_PORTAL_UPLOADED_APPLIANCES.csv"
514,"WestPoint","Kitchen Appliance","WestPoint WF-261","","","UNMATCHED","NEW_PORTAL_WESTPOINT_APPLIANCES.csv"
515,"WestPoint","Kitchen Appliance","WestPoint WF-262","","","UNMATCHED","NEW_PORTAL_WESTPOINT_APPLIANCES.csv"
516,"WestPoint","Kitchen Appliance","WestPoint WF-271","","","UNMATCHED","NEW_PORTAL_WESTPOINT_APPLIANCES.csv"
517,"WestPoint","Kitchen Appliance","WestPoint WF-272","","","UNMATCHED","NEW_PORTAL_WESTPOINT_APPLIANCES.csv"
518,"WestPoint","Kitchen Appliance","WestPoint WF-281","","","UNMATCHED","NEW_PORTAL_WESTPOINT_APPLIANCES.csv"
519,"WestPoint","Kitchen Appliance","WestPoint WF-282","","","UNMATCHED","NEW_PORTAL_WESTPOINT_APPLIANCES.csv"
520,"WestPoint","Kitchen Appliance","WestPoint WF-291","","","UNMATCHED","NEW_PORTAL_WESTPOINT_APPLIANCES.csv"
521,"WestPoint","Kitchen Appliance","WestPoint WF-292","","","UNMATCHED","NEW_PORTAL_WESTPOINT_APPLIANCES.csv"
522,"WestPoint","Kitchen Appliance","WestPoint WF-3469","","","UNMATCHED","WEST_POINT_NEW_PORTAL_UPLOADED_APPLIANCES.csv"
523,"WestPoint","Kitchen Appliance","WestPoint WF-3569","","","UNMATCHED","WEST_POINT_NEW_PORTAL_UPLOADED_APPLIANCES.csv"
524,"WestPoint","Kitchen Appliance","WestPoint WF-3669","","","UNMATCHED","WEST_POINT_NEW_PORTAL_UPLOADED_APPLIANCES.csv"
525,"WestPoint","Kitchen Appliance","WestPoint WF-445","","","UNMATCHED","WEST_POINT_NEW_PORTAL_UPLOADED_APPLIANCES.csv"
526,"WestPoint","Kitchen Appliance","WestPoint WF-4500","","","UNMATCHED","NEW_PORTAL_WESTPOINT_APPLIANCES.csv"
527,"WestPoint","Kitchen Appliance","WestPoint WF-495 C","","","UNMATCHED","WEST_POINT_NEW_PORTAL_UPLOADED_APPLIANCES.csv"
528,"WestPoint","Kitchen Appliance","WestPoint WF-496 C","","","UNMATCHED","WEST_POINT_NEW_PORTAL_UPLOADED_APPLIANCES.csv"
529,"WestPoint","Kitchen Appliance","WestPoint WF-497 C","","","UNMATCHED","WEST_POINT_NEW_PORTAL_UPLOADED_APPLIANCES.csv"
530,"WestPoint","Kitchen Appliance","WestPoint WF-498","","","UNMATCHED","WEST_POINT_NEW_PORTAL_UPLOADED_APPLIANCES.csv"
531,"WestPoint","Kitchen Appliance","WestPoint WF-4981","","","UNMATCHED","WEST_POINT_NEW_PORTAL_UPLOADED_APPLIANCES.csv"
532,"WestPoint","Kitchen Appliance","WestPoint WF-506","","","UNMATCHED","WEST_POINT_NEW_PORTAL_UPLOADED_APPLIANCES.csv"
533,"WestPoint","Kitchen Appliance","WestPoint WF-5146","","","UNMATCHED","WEST_POINT_NEW_PORTAL_UPLOADED_APPLIANCES.csv"
534,"WestPoint","Kitchen Appliance","WestPoint WF-5147","","","UNMATCHED","WEST_POINT_NEW_PORTAL_UPLOADED_APPLIANCES.csv"
535,"WestPoint","Kitchen Appliance","WestPoint WF-5307","","","UNMATCHED","WEST_POINT_NEW_PORTAL_UPLOADED_APPLIANCES.csv"
536,"WestPoint","Kitchen Appliance","WestPoint WF-5350","","","UNMATCHED","WEST_POINT_NEW_PORTAL_UPLOADED_APPLIANCES.csv"
537,"WestPoint","Kitchen Appliance","WestPoint WF-545","","","UNMATCHED","NEW_PORTAL_WESTPOINT_APPLIANCES.csv"
538,"WestPoint","Kitchen Appliance","WestPoint WF-546","","","UNMATCHED","NEW_PORTAL_WESTPOINT_APPLIANCES.csv"
539,"WestPoint","Kitchen Appliance","WestPoint WF-547","","","UNMATCHED","NEW_PORTAL_WESTPOINT_APPLIANCES.csv"
540,"WestPoint","Kitchen Appliance","WestPoint WF-550","","","UNMATCHED","NEW_PORTAL_WESTPOINT_APPLIANCES.csv"
541,"WestPoint","Kitchen Appliance","WestPoint WF-554","","","UNMATCHED","NEW_PORTAL_WESTPOINT_APPLIANCES.csv"
542,"WestPoint","Kitchen Appliance","WestPoint WF-555","","","UNMATCHED","NEW_PORTAL_WESTPOINT_APPLIANCES.csv"
543,"WestPoint","Kitchen Appliance","WestPoint WF-6093","","","UNMATCHED","NEW_PORTAL_WESTPOINT_APPLIANCES.csv"
544,"WestPoint","Kitchen Appliance","WestPoint WF-6193","","","UNMATCHED","NEW_PORTAL_WESTPOINT_APPLIANCES.csv"
545,"WestPoint","Kitchen Appliance","WestPoint WF-6293","","","UNMATCHED","NEW_PORTAL_WESTPOINT_APPLIANCES.csv"
546,"WestPoint","Kitchen Appliance","WestPoint WF-6300","","","UNMATCHED","NEW_PORTAL_WESTPOINT_APPLIANCES.csv"
547,"WestPoint","Kitchen Appliance","WestPoint WF-636","","","UNMATCHED","NEW_PORTAL_WESTPOINT_APPLIANCES.csv"
548,"WestPoint","Kitchen Appliance","WestPoint WF-637","","","UNMATCHED","NEW_PORTAL_WESTPOINT_APPLIANCES.csv"
549,"WestPoint","Kitchen Appliance","WestPoint WF-638","","","UNMATCHED","NEW_PORTAL_WESTPOINT_APPLIANCES.csv"
550,"WestPoint","Kitchen Appliance","WestPoint WF-639","","","UNMATCHED","NEW_PORTAL_WESTPOINT_APPLIANCES.csv"
551,"WestPoint","Kitchen Appliance","WestPoint WF-640","","","UNMATCHED","NEW_PORTAL_WESTPOINT_APPLIANCES.csv"
552,"WestPoint","Kitchen Appliance","WestPoint WF-643","","","UNMATCHED","NEW_PORTAL_WESTPOINT_APPLIANCES.csv"
553,"WestPoint","Kitchen Appliance","WestPoint WF-6514","","","UNMATCHED","NEW_PORTAL_WESTPOINT_APPLIANCES.csv"
554,"WestPoint","Kitchen Appliance","WestPoint WF-6686","","","UNMATCHED","NEW_PORTAL_WESTPOINT_APPLIANCES.csv"
555,"WestPoint","Kitchen Appliance","WestPoint WF-6697","","","UNMATCHED","NEW_PORTAL_WESTPOINT_APPLIANCES.csv"
556,"WestPoint","Kitchen Appliance","WestPoint WF-671","","","UNMATCHED","NEW_PORTAL_WESTPOINT_APPLIANCES.csv"
557,"WestPoint","Kitchen Appliance","WestPoint WF-691","","","UNMATCHED","NEW_PORTAL_WESTPOINT_APPLIANCES.csv"
558,"WestPoint","Kitchen Appliance","WestPoint WF-692","","","UNMATCHED","NEW_PORTAL_WESTPOINT_APPLIANCES.csv"
559,"WestPoint","Kitchen Appliance","WestPoint WF-694","","","UNMATCHED","NEW_PORTAL_WESTPOINT_APPLIANCES.csv"
560,"WestPoint","Kitchen Appliance","WestPoint WF-822","","","UNMATCHED","WEST_POINT_NEW_PORTAL_UPLOADED_APPLIANCES.csv"
561,"WestPoint","Kitchen Appliance","WestPoint WF-825","","","UNMATCHED","WEST_POINT_NEW_PORTAL_UPLOADED_APPLIANCES.csv"
562,"WestPoint","Kitchen Appliance","WestPoint WF-832","","","UNMATCHED","WEST_POINT_NEW_PORTAL_UPLOADED_APPLIANCES.csv"
563,"WestPoint","Kitchen Appliance","WestPoint WF-841","","","UNMATCHED","WEST_POINT_NEW_PORTAL_UPLOADED_APPLIANCES.csv"
564,"WestPoint","Kitchen Appliance","WestPoint WF-851","","","UNMATCHED","WEST_POINT_NEW_PORTAL_UPLOADED_APPLIANCES.csv"
565,"WestPoint","Kitchen Appliance","WestPoint WF-960","","","UNMATCHED","WEST_POINT_NEW_PORTAL_UPLOADED_APPLIANCES.csv"
566,"WestPoint","Kitchen Appliance","WestPoint WF-F07","","","UNMATCHED","WEST_POINT_NEW_PORTAL_UPLOADED_APPLIANCES.csv"
567,"WestPoint","Kitchen Appliance","WestPoint WF-F09","","","UNMATCHED","WEST_POINT_NEW_PORTAL_UPLOADED_APPLIANCES.csv"
568,"WestPoint","Kitchen Appliance","WestPoint WF-F10","","","UNMATCHED","WEST_POINT_NEW_PORTAL_UPLOADED_APPLIANCES.csv"