,,,,
ID,COMPANY,MODEL,SKU,RATE
975546,DAWLANCE,DW-133,DAWLANCE DW 133 G Grilling Microwave Oven-BE-On Installments," 42,500 "
975562,DAWLANCE,DW-136 **,DAWLANCE DW 136 G Grilling Microwave Oven-BE-On Installments," 42,500 "
975572,DAWLANCE,DW-142,Dawlance DW-142 HZP Microwave Oven-BE-On Installments," 50,000 "
975588,DAWLANCE,DW-210 SOLO,Dawlance DW 210 S Heating Microwave Oven-BE-On Installments," 24,000 "
975613,DAWLANCE,DW-210S PRO,Dawlance DW 210S Pro Microwave Oven-BE-On Installments," 25,000 "
975624,DAWLANCE,DW-295,Dawlance DW 295 Heating Microwave Oven-BE-On Installments," 25,500 "
975638,DAWLANCE,DW-297,Dawlance DW 297 GSS Grilling Microwave Oven-BE-On Installments," 28,500 "
975646,DAWLANCE,DW-388,Dawlance DW 388 Heating Microwave Oven-BE-On Installments," 30,000 "
975656,DAWLANCE,DW-393,Dawlance DW 393 GSS Grilling Microwave Oven-BE-On Installments," 37,000 "
975685,HAIER,HMW-20MBS SOLO,Haier HMW-20MBS SOLO-BE-On Installments," 18,500 "
975702,HAIER,HMW-20MX11 SOLO,Haier HMW-20MX11 SOLO-BE-On Installments," 20,500 "
978946,HAIER,HMW-20MX12 SOLO,Haier HMW-20MX12 SOLO Microwave Oven-BE-On Installments," 20,500 "
978978,HAIER,HMW-20 DSS SOLO,Haier HMW-20DSS DIGITAL SOLO-BE-On Installments," 25,000 "
979005,HAIER,HMW-20 DGS GRILL,Haier HMW-20DGS Grill Series-BE-On Installments," 27,500 "
979053,HAIER,HMW-23200 GRILL,Haier HMW-23200 Grill Series-BE-On Installments," 33,000 "
979100,HAIER,HMW-28100 GRILL,Haier HMW-28100 Grill Series-BE-On Installments," 32,500 "
979126,HAIER,HMN-45200 ESD GRILL,Haier HMN-45200 ESD GRILL SERIES-BE-On Installments," 48,000 "
979218,Orient,Macaroni 20M Solo Black,Orient Macaroni 20M Solo Black-BE-On Installments," 19,500 "
979277,Orient, Panini 20M Solo Black,Orient Panini 20M Solo Black-BE-On Installments," 19,500 "
979306,Orient, Popcorn 20M Solo Black,Orient Popcorn 20M Solo Black-BE-On Installments," 22,500 "
979336,Orient, Kabab 20D Solo Black,Orient Kabab 20D Solo Black-BE-On Installments," 24,000 "
979413,Orient,Pasta 23D Solo Black,Orient Pasta 23D Solo Black-BE-On Installments," 31,000 "
979456,Orient,Roast 23D Solo Black,Orient Roast 23D Grill Black-BE-On Installments," 31,000 "
979562,Orient,Muffin 30D ,Orient Muffin 30D Grill Black-BE-On Instalmments," 42,000 "
979618,Orient,Pizza 34D,Orient Pizza 34D Grill Black-BE-On Insrallments," 43,000 "
