CHOPPER,,,,,,,,,
ID,,MODEL,,,WESTPOINT,,,,RATES
,1099,WestPoint WF-1099,Chopper 800 watts Powerful Motor,-BE-On Installments,WestPoint WF-1099 Chopper 800 watts Powerful Motor -BE-On Installments," 10,900 "," 13,400 "," 14,740 "," 15,000 "
,1043,WestPoint WF-1043,"Chopper, 750 watts",-BE-On Installments,"WestPoint WF-1043 Chopper, 750 watts -BE-On Installments"," 7,000 "," 9,500 "," 10,450 "," 10,500 "
,1044,WestPoint WF-1044,"Chopper, 750 watts",-BE-On Installments,"WestPoint WF-1044 Chopper, 750 watts -BE-On Installments"," 7,000 "," 9,500 "," 10,450 "," 10,500 "
,1046,WestPoint WF-1046,"Chopper, 750 watts",-BE-On Installments,"WestPoint WF-1046 Chopper, 750 watts -BE-On Installments"," 7,000 "," 9,500 "," 10,450 "," 10,500 "
MEAT MINCER / RICE COOKER,,,,,,,,,
,1036,WestPoint WF-1036,Meat mincer,-BE-On Installments,WestPoint WF-1036 Meat mincer -BE-On Installments," 18,500 "," 21,000 "," 23,100 "," 23,000 "
,3040,WestPoint WF-3040,Meat mincer,-BE-On Installments,WestPoint WF-3040 Meat mincer -BE-On Installments," 17,500 "," 20,000 "," 22,000 "," 22,000 "
,5350,WestPoint WF-5350,Rice Cooker,-BE-On Installments,WestPoint WF-5350 Rice Cooker -BE-On Installments," 12,500 "," 15,000 "," 16,500 "," 16,500 "
KITCHEN ROBOT,,,,,,,,,
,496 C,WestPoint WF-496 C,Chopper with vegetable cutter with powerful motor BLACK WITH CITRUS,-BE-On Installments,WestPoint WF-496 C Chopper with vegetable cutter with powerful motor BLACK WITH CITRUS -BE-On Installments," 13,000 "," 15,500 "," 17,050 "," 17,000 "
,497 C,WestPoint WF-497 C,Chopper with vegetable cutter with powerful motor WHITE WITH CITRUS,-BE-On Installments,WestPoint WF-497 C Chopper with vegetable cutter with powerful motor WHITE WITH CITRUS -BE-On Installments," 13,000 "," 15,500 "," 17,050 "," 17,000 "
,498,WestPoint WF-498,"Chopper with vegetable cutter, powerful motor, New model",-BE-On Installments,"WestPoint WF-498 Chopper with vegetable cutter, powerful motor, New model -BE-On Installments"," 14,000 "," 16,500 "," 18,150 "," 18,000 "
,4981,WestPoint WF-4981,Chopper & Blender,-BE-On Installments,WestPoint WF-4981 Chopper & Blender -BE-On Installments," 16,500 "," 19,000 "," 20,900 "," 21,000 "
,445,WestPoint WF-445,"Chopper, Blender, Vegetable cutter, extra small jug unbreakable, Gold blade",-BE-On Installments,"WestPoint WF-445 Chopper, Blender, Vegetable cutter, extra small jug unbreakable, Gold blade -BE-On Installments"," 14,800 "," 17,300 "," 19,030 "," 19,000 "
,501,WestPoint WF-501,Kitchen Robot 1000 ml bowl safety interlock 2 speed,-BE-On Installments,WestPoint WF-501 Kitchen Robot 1000 ml bowl safety interlock 2 speed -BE-On Installments," 14,000 "," 16,500 "," 18,150 "," 18,000 "
,502,WestPoint WF-502,Kitchen Robot,-BE-On Installments,WestPoint WF-502 Kitchen Robot -BE-On Installments," 14,000 "," 16,500 "," 18,150 "," 18,000 "
,506,WestPoint WF-506,Kitchen Robot,-BE-On Installments,WestPoint WF-506 Kitchen Robot -BE-On Installments," 14,000 "," 16,500 "," 18,150 "," 18,000 "
,503,WestPoint WF-503,"Chopper with vegetable cutter, powerful motor, New model",-BE-On Installments,"WestPoint WF-503 Chopper with vegetable cutter, powerful motor, New model -BE-On Installments"," 14,000 "," 16,500 "," 18,150 "," 18,000 "
,495 C,WestPoint WF-495 C,Chopper & vegetable cutters New Model WITH CITRUS,-BE-On Installments,WestPoint WF-495 C Chopper & vegetable cutters New Model WITH CITRUS -BE-On Installments," 13,500 "," 16,000 "," 17,600 "," 17,500 "
VACCUM CLEANER,,,,,,,,,
,3669,WestPoint WF-3669,Drum type Wet/ Dry with blower (Stainless Steel),-BE-On Installments,WestPoint WF-3669 Drum type Wet/ Dry with blower (Stainless Steel) -BE-On Installments," 28,500 "," 31,000 "," 34,100 "," 34,000 "
,103,WestPoint WF-103,Drum type Dry with blower,-BE-On Installments,WestPoint WF-103 Drum type Dry with blower -BE-On Installments," 23,500 "," 26,000 "," 28,600 "," 28,500 "
,960,WestPoint WF-960,Vacuum Cleaner,-BE-On Installments,WestPoint WF-960 Vacuum Cleaner -BE-On Installments," 25,000 "," 27,500 "," 30,250 "," 30,500 "
,3469,WestPoint WF-3469,Drum Type Dry With Blower (New Model) Made in Turkey,-BE-On Installments,WestPoint WF-3469 Drum Type Dry With Blower (New Model) Made in Turkey -BE-On Installments," 28,000 "," 30,500 "," 33,550 "," 33,500 "
,3569,WestPoint WF-3569,Drum Type Dry With Blower (New Model) Made in Turkey,-BE-On Installments,WestPoint WF-3569 Drum Type Dry With Blower (New Model) Made in Turkey -BE-On Installments," 28,000 "," 30,500 "," 33,550 "," 33,500 "
,231,WestPoint WF-231,Handy Vacuum ( new model ),-BE-On Installments,WestPoint WF-231 Handy Vacuum ( new model ) -BE-On Installments," 12,500 "," 15,000 "," 16,500 "," 16,500 "
MICRO OVEN,,,,,,,,,
,822,WestPoint WF-822,Manual [white color] New Model,-BE-On Installments,WestPoint WF-822 Manual [white color] New Model -BE-On Installments," 22,500 "," 25,000 "," 27,500 "," 27,500 "
,823,WestPoint WF-823,Manual [white color] New Model,-BE-On Installments,WestPoint WF-823 Manual [white color] New Model -BE-On Installments," 22,500 "," 25,000 "," 27,500 "," 27,500 "
,824,WestPoint WF-824,Manual [white color] New Model,-BE-On Installments,WestPoint WF-824 Manual [white color] New Model -BE-On Installments," 22,500 "," 25,000 "," 27,500 "," 27,500 "
,825,WestPoint WF-825,Manual [white color] New Model,-BE-On Installments,WestPoint WF-825 Manual [white color] New Model -BE-On Installments," 22,500 "," 25,000 "," 27,500 "," 27,500 "
,830,WestPoint WF-830,Digital with grill,-BE-On Installments,WestPoint WF-830 Digital with grill -BE-On Installments," 29,000 "," 31,500 "," 34,650 "," 34,500 "
,851,WestPoint WF-851,Microwave Oven with grill,-BE-On Installments,WestPoint WF-851 Microwave Oven with grill -BE-On Installments," 38,000 "," 40,500 "," 44,550 "," 44,500 "
,832,WestPoint WF-832,Microwave Oven with grill,-BE-On Installments,WestPoint WF-832 Microwave Oven with grill -BE-On Installments," 34,500 "," 37,000 "," 40,700 "," 40,500 "
,841,WestPoint WF-841,"Microwave, Digital with grill black glass",-BE-On Installments,"WestPoint WF-841 Microwave, Digital with grill black glass -BE-On Installments"," 36,000 "," 38,500 "," 42,350 "," 42,500 "
HEATER,,,,,,,,,
,5145,WestPoint WF-5145,Fan Heater,-BE-On Installments,WestPoint WF-5145 Fan Heater -BE-On Installments," 8,400 "," 10,900 "," 11,990 "," 12,000 "
,5146,WestPoint WF-5146,Fan Heater,-BE-On Installments,WestPoint WF-5146 Fan Heater -BE-On Installments," 8,400 "," 10,900 "," 11,990 "," 12,000 "
,5147,WestPoint WF-5147,Fan Heater,-BE-On Installments,WestPoint WF-5147 Fan Heater -BE-On Installments," 8,400 "," 10,900 "," 11,990 "," 12,000 "
,5307,WestPoint WF-5307,Sun Heater,-BE-On Installments,WestPoint WF-5307 Sun Heater -BE-On Installments," 13,200 "," 15,700 "," 17,270 "," 17,500 "
POP-UP TOASTER,,,,,,,,,
,2542,WestPoint WF-2542,"2 slice, cool touch & plastic body (black color with steel wall) New Model",-BE-On Installments,"WestPoint WF-2542 2 slice, cool touch & plastic body (black color with steel wall) New Model -BE-On Installments"," 7,000 "," 9,500 "," 10,450 "," 10,500 "
,2538,WestPoint WF-2538,"2 slice, cool touch & plastic body (black color with steel wall) New Model",-BE-On Installments,"WestPoint WF-2538 2 slice, cool touch & plastic body (black color with steel wall) New Model -BE-On Installments"," 7,000 "," 9,500 "," 10,450 "," 10,500 "
,2589,WestPoint WF-2589,"2 slice, cool touch & plastic body (black color with steel wall) New Model",-BE-On Installments,"WestPoint WF-2589 2 slice, cool touch & plastic body (black color with steel wall) New Model -BE-On Installments"," 7,000 "," 9,500 "," 10,450 "," 10,500 "
,2528,WestPoint WF-2528,4 Slice toaster,-BE-On Installments,WestPoint WF-2528 4 Slice toaster -BE-On Installments," 8,000 "," 10,500 "," 11,550 "," 11,500 "
,2533,WestPoint WF-2533,"2 slice, cool touch & plastic body (black color with steel wall) New Model",-BE-On Installments,"WestPoint WF-2533 2 slice, cool touch & plastic body (black color with steel wall) New Model -BE-On Installments"," 7,500 "," 10,000 "," 11,000 "," 11,000 "
MANUAL ITEM,,,,,,,,,
,F04,WestPoint WF-F04,Handy Chopper,-BE-On Installments,WestPoint WF-F04 Handy Chopper -BE-On Installments," 1,700 "," 4,200 "," 4,620 "," 4,500 "
,F05,WestPoint WF-F05,Fies Cutter,-BE-On Installments,WestPoint WF-F05 Fies Cutter -BE-On Installments," 1,950 "," 4,450 "," 4,895 "," 5,000 "
,F07,WestPoint WF-F07,Kitchen Slicer,-BE-On Installments,WestPoint WF-F07 Kitchen Slicer -BE-On Installments," 2,500 "," 5,000 "," 5,500 "," 5,500 "
,F10,WestPoint WF-F10,Quick Chopper,-BE-On Installments,WestPoint WF-F10 Quick Chopper -BE-On Installments," 2,000 "," 4,500 "," 4,950 "," 5,000 "
,F09,WestPoint WF-F09,Handy Meat Mincer,-BE-On Installments,WestPoint WF-F09 Handy Meat Mincer -BE-On Installments," 2,950 "," 5,450 "," 5,995 "," 6,000 "
