Brand,sku,name,Short Description,description,Variant Compare At Price,Variant Price,Warranty,images,Color,Microwave Type
Dawlance,DW MD-4  White,Dawlance Microwave Oven 20Ltr (MD-15) White,Dawlance Microwave Oven 20Ltr (MD-15),"The Dawlance DW-MD4 is a 20-liter solo microwave oven that delivers 700 watts of power, making it a reliable choice for efficient heating, defrosting, and basic cooking. It features a simple, user-friendly design operated by mechanical rotary controls, including a 30-minute manual timer. Built for convenience, this compact, free-standing unit measures approximately 45.2 cm in width, 33 cm in depth, and 26.2 cm in height, weighing roughly 10.2 kilograms.",21200,22200,1 Year Warranty,https://eu-central.storage.cloudconvert.com/tasks/209b78c1-3504-42aa-9dde-3c3c3814142e/md-4%20white.jpg?X-Amz-Algorithm=AWS4-HMAC-SHA256&X-Amz-Content-Sha256=UNSIGNED-PAYLOAD&X-Amz-Credential=cloudconvert-production%2F20260715%2Ffra%2Fs3%2Faws4_request&X-Amz-Date=20260715T213610Z&X-Amz-Expires=86400&X-Amz-Signature=4b4b28cde155ab879da455eae02d8fdf04353410fe07eb852ddca78e87e7af20&X-Amz-SignedHeaders=host&response-content-disposition=inline%3B%20filename%3D%22md-4%20white.jpg%22&response-content-type=image%2Fjpeg&x-id=GetObject,White,Heating Plus Cooking
Dawlance,DW MD-4  black,Dawlance Microwave Oven 20Ltr (MD-15) Black,Dawlance Microwave Oven 20Ltr (MD-15),"The Dawlance DW-MD4 is a 20-liter solo microwave oven that delivers 700 watts of power, making it a reliable choice for efficient heating, defrosting, and basic cooking. It features a simple, user-friendly design operated by mechanical rotary controls, including a 30-minute manual timer. Built for convenience, this compact, free-standing unit measures approximately 45.2 cm in width, 33 cm in depth, and 26.2 cm in height, weighing roughly 10.2 kilograms.",21800,22800,1 Year Warranty,https://eu-central.storage.cloudconvert.com/tasks/8eb7cc0d-b7e7-4146-8d08-3b49c4275b7c/MD-4-Black-Dawlance-MicroWave-Oven-Solo-600x600.jpg?X-Amz-Algorithm=AWS4-HMAC-SHA256&X-Amz-Content-Sha256=UNSIGNED-PAYLOAD&X-Amz-Credential=cloudconvert-production%2F20260715%2Ffra%2Fs3%2Faws4_request&X-Amz-Date=20260715T213841Z&X-Amz-Expires=86400&X-Amz-Signature=03b56e975d1bc607c02d7c45fdfb22c30b77c0a5f38a598139e3a3846feaa066&X-Amz-SignedHeaders=host&response-content-disposition=inline%3B%20filename%3D%22MD-4-Black-Dawlance-MicroWave-Oven-Solo-600x600.jpg%22&response-content-type=image%2Fjpeg&x-id=GetObject,Black,Heating Plus Cooking
Dawlance,DW MD-7 ,Dawlance Microwave Oven 20Ltr (MD-7),Dawlance Microwave Oven 20Ltr (MD-7),"The Dawlance DW-MD7 is a Solo microwave oven, which means its functionality is strictly limited to reheating, defrosting, and basic cooking. It is not an all-in-one appliance, nor does it have oven-toaster, grilling, or baking capabilities, as it lacks the necessary heating elements for those functions.",21300,22300,1 Year Warranty,https://eu-central.storage.cloudconvert.com/tasks/0511bde6-b5c1-47a0-a33f-230419108adc/Md7.jpg?X-Amz-Algorithm=AWS4-HMAC-SHA256&X-Amz-Content-Sha256=UNSIGNED-PAYLOAD&X-Amz-Credential=cloudconvert-production%2F20260715%2Ffra%2Fs3%2Faws4_request&X-Amz-Date=20260715T214002Z&X-Amz-Expires=86400&X-Amz-Signature=e91243fdcf9d0d20eaeff47efeaad79141760be5ae401fa1b1b0a8fa836eb441&X-Amz-SignedHeaders=host&response-content-disposition=inline%3B%20filename%3D%22Md7.jpg%22&response-content-type=image%2Fjpeg&x-id=GetObject,Black,Heating Plus Cooking
Dawlance,DW MD-10,Dawlance Microwave Oven 20Ltr (MD-10),Dawlance Microwave Oven 20Ltr (MD-10),"The Dawlance DW-MD10 is a Solo microwave oven, which means it is designed exclusively for heating, defrosting, and basic cooking. It is not an all-in-one appliance, nor does it feature grill, baking, or oven-toaster capabilities, as it lacks the necessary heating elements and specialized modes for those functions",21300,22300,1 Year Warranty,https://eu-central.storage.cloudconvert.com/tasks/d33d5107-8c0e-45ee-9a89-03e0d4bff437/DawlanceDWMD10HeatingMicrowaveOven.webp.jpg?X-Amz-Algorithm=AWS4-HMAC-SHA256&X-Amz-Content-Sha256=UNSIGNED-PAYLOAD&X-Amz-Credential=cloudconvert-production%2F20260715%2Ffra%2Fs3%2Faws4_request&X-Amz-Date=20260715T214126Z&X-Amz-Expires=86400&X-Amz-Signature=23e2952af9ad915eee88c4024d4bf7b4852232c22bf8509f9544c36a68130f03&X-Amz-SignedHeaders=host&response-content-disposition=inline%3B%20filename%3D%22DawlanceDWMD10HeatingMicrowaveOven.webp.jpg%22&response-content-type=image%2Fjpeg&x-id=GetObject,Black,Heating Plus Cooking
Dawlance,DW MD-15,Dawlance Microwave Oven 20Ltr (MD-15),Dawlance Microwave Oven 20Ltr (MD-15),"The Dawlance DW-MD15 is classified as a Solo microwave oven. This means it is designed exclusively for heating, defrosting, and basic cooking. It is not an all-in-one appliance, nor does it feature grill, baking, or convection (oven-toaster) heating elements.",20200,21200,1 Year Warranty,https://eu-central.storage.cloudconvert.com/tasks/d505a0f5-5695-40b5-a66f-8b83c4b00c6b/Untitled-design-2-600x600.jpg?X-Amz-Algorithm=AWS4-HMAC-SHA256&X-Amz-Content-Sha256=UNSIGNED-PAYLOAD&X-Amz-Credential=cloudconvert-production%2F20260715%2Ffra%2Fs3%2Faws4_request&X-Amz-Date=20260715T214250Z&X-Amz-Expires=86400&X-Amz-Signature=585947d3ba1a3f487dc57b2fc67fbe910dd74d030ed73844ad2a90c8105c27c0&X-Amz-SignedHeaders=host&response-content-disposition=inline%3B%20filename%3D%22Untitled-design-2-600x600.jpg%22&response-content-type=image%2Fjpeg&x-id=GetObject,White,Heating Plus Cooking
Dawlance,DW DW-115,Dawlance Combination Microwave Oven 25Ltr (DW-115),Dawlance Combination Microwave Oven 25Ltr DW-115,"he Dawlance DW-115 CHZP is a combination (all-in-one) microwave oven. Unlike ""Solo"" models that are limited to heating and defrosting, this unit includes convection technology. This means it combines standard microwave heating with an extra heating element and a fan, allowing it to perform baking, roasting, and crisping in addition to general reheating and cooking. It is essentially a versatile all-in-one appliance suitable for tasks like baking cakes, roasting chicken, and preparing various oven-baked dishes.",44600,45600,1 Year Warranty,https://eu-central.storage.cloudconvert.com/tasks/aca18bed-7dbc-4b32-840d-ce3f0765f117/dw-115-min.jpg?X-Amz-Algorithm=AWS4-HMAC-SHA256&X-Amz-Content-Sha256=UNSIGNED-PAYLOAD&X-Amz-Credential=cloudconvert-production%2F20260715%2Ffra%2Fs3%2Faws4_request&X-Amz-Date=20260715T214404Z&X-Amz-Expires=86400&X-Amz-Signature=755636734348bd3818d456a56e0fda1d84fda9a604f543dcd1ace2a22f8d356b&X-Amz-SignedHeaders=host&response-content-disposition=inline%3B%20filename%3D%22dw-115-min.jpg%22&response-content-type=image%2Fjpeg&x-id=GetObject,Black,All in one
Dawlance,DW DW-128,Dawlance Cook King Series Microwave Oven 26 Ltr Black (DW-128-G),Dawlance Cook King Series Microwave Oven 26 Ltr Black (DW-128-G),"The Dawlance DW-128 G is a grilling microwave oven. It is not an ""all-in-one"" convection oven (which would allow for true baking like a traditional oven), nor is it a basic ""solo"" microwave. Instead, it bridges the gap by offering Microwave + Grill functionality. This allows you to perform standard heating and defrosting, while the grill element enables you to brown and crisp the surface of foods like meat, vegetables, or cheese.",37000,38000,1 Year Warranty,https://eu-central.storage.cloudconvert.com/tasks/acb25c8e-f917-4a86-9ce2-c001f2e0506c/DW128G.jpg?X-Amz-Algorithm=AWS4-HMAC-SHA256&X-Amz-Content-Sha256=UNSIGNED-PAYLOAD&X-Amz-Credential=cloudconvert-production%2F20260715%2Ffra%2Fs3%2Faws4_request&X-Amz-Date=20260715T214510Z&X-Amz-Expires=86400&X-Amz-Signature=a4a64b1a9fdfe32b53ffdcbf04aa3ae3d07023c902186d00d33a0f0b185753a5&X-Amz-SignedHeaders=host&response-content-disposition=inline%3B%20filename%3D%22DW128G.jpg%22&response-content-type=image%2Fjpeg&x-id=GetObject,Black,Heating Plus Cooking
Dawlance,DW DW-131HP,Dawlance Cooking Series Microwave Oven 30 Ltr (DW-131-HP-SYNC),Dawlance Cooking Series Microwave Oven 30 Ltr (DW-131-HP-SYNC),"The Dawlance DW-131-HP is a grilling microwave oven, which means it provides both standard microwave heating and a dedicated grill function. It is not an ""all-in-one"" convection oven (which allows for baking) nor a basic ""solo"" microwave. Instead, it is designed for those who want to reheat and cook their food while also having the ability to brown, crisp, or grill items like meat, sandwiches, and vegetables",39500,42000,1 Year Warranty,https://eu-central.storage.cloudconvert.com/tasks/f2625ae5-637a-4707-99c3-5f67dc86a934/DW-131-HP.jpg?X-Amz-Algorithm=AWS4-HMAC-SHA256&X-Amz-Content-Sha256=UNSIGNED-PAYLOAD&X-Amz-Credential=cloudconvert-production%2F20260715%2Ffra%2Fs3%2Faws4_request&X-Amz-Date=20260715T214632Z&X-Amz-Expires=86400&X-Amz-Signature=79eddbe56cc2d8e5acf6450c7904f9f0d47796ef63fd114e0c2da9045e2be656&X-Amz-SignedHeaders=host&response-content-disposition=inline%3B%20filename%3D%22DW-131-HP.jpg%22&response-content-type=image%2Fjpeg&x-id=GetObject,Black,Heating Plus Cooking
Dawlance,DW DW-132,Dawlance Cooking Series Microwave Oven 30 Ltr (DW-132-S),Dawlance Cooking Series Microwave Oven 30 Ltr (DW-132-S),"The Dawlance DW-132 S is a Solo microwave oven, which means it is designed strictly for heating, defrosting, and basic cooking. It is not an all-in-one or convection appliance, nor does it include a grill or oven-toaster heating element; therefore, it cannot be used for baking, browning, or crisping",34300,36000,1 Year Warranty,https://eu-central.storage.cloudconvert.com/tasks/b03e9518-5f89-4188-a622-6da2ba053af6/DW132S.jpg?X-Amz-Algorithm=AWS4-HMAC-SHA256&X-Amz-Content-Sha256=UNSIGNED-PAYLOAD&X-Amz-Credential=cloudconvert-production%2F20260715%2Ffra%2Fs3%2Faws4_request&X-Amz-Date=20260715T214711Z&X-Amz-Expires=86400&X-Amz-Signature=237cae4133f030ff0694025feaec1e4f13474fd457544762bd44c7a6cae189c3&X-Amz-SignedHeaders=host&response-content-disposition=inline%3B%20filename%3D%22DW132S.jpg%22&response-content-type=image%2Fjpeg&x-id=GetObject,Black,Heating Plus Cooking
Dawlance,DW DW-133,Dawlance Cooking Series Microwave Oven 30 Ltr (DW-133-G),Dawlance Cooking Series Microwave Oven 30 Ltr (DW-133-G),"The Dawlance DW-133 G/RG is classified as a Grilling Microwave Oven. It is not a convection ""all-in-one"" appliance (which would include a fan for baking/roasting), nor is it a basic ""solo"" microwave. Instead, it combines standard microwave heating with a dedicated grill element, allowing you to reheat and cook food while also browning or crisping the surface of dishes like meats, vegetables, and snacks.",39200,40000,1 Year Warranty,https://eu-central.storage.cloudconvert.com/tasks/2c1d66c1-5fe8-425e-bad9-45c8f9d60d93/133rg.jpg?X-Amz-Algorithm=AWS4-HMAC-SHA256&X-Amz-Content-Sha256=UNSIGNED-PAYLOAD&X-Amz-Credential=cloudconvert-production%2F20260715%2Ffra%2Fs3%2Faws4_request&X-Amz-Date=20260715T214752Z&X-Amz-Expires=86400&X-Amz-Signature=44f0cd882e9c2655543e969aeff1a50748133cc4a12e6e63f4658915a5a66184&X-Amz-SignedHeaders=host&response-content-disposition=inline%3B%20filename%3D%22133rg.jpg%22&response-content-type=image%2Fjpeg&x-id=GetObject,Black,Heating Plus Cooking
Dawlance,DW DW-136,Dawlance Cooking Series Microwave Oven 36 Ltr (DW-136-G),Dawlance Cooking Series Microwave Oven 36 Ltr (DW-136-G),"The Dawlance DW-136G is a Grilling Microwave Oven, which means it combines standard microwave heating with an integrated grill function. It is not an ""all-in-one"" convection model (which would include a fan for baking/roasting) nor is it a basic ""solo"" microwave. The grill function allows you to brown and crisp the surface of your food, making it ideal for grilling meats, vegetables, and snacks, while the microwave function handles efficient reheating and defrosting.",38000,40000,1 Year Warranty,https://www.hcsupermart.com/wp-content/uploads/2021/09/1-24.jpg,Black,Heating Plus Cooking
Dawlance,DW DW-142,Dawlance Cooking Series Microwave Oven 42 Ltr (DW-142-HZP),Dawlance Cooking Series Microwave Oven 42 Ltr (DW-142-HZP),"The Dawlance DW-142 HZP is a Grilling Microwave Oven. It is not a convection ""all-in-one"" appliance (which includes a fan for baking) nor is it a basic ""solo"" microwave. Instead, it combines standard microwave heating with a dedicated grill element, allowing you to reheat and cook food while also browning and crisping the surface of items like meats, sandwiches, and vegetables.",46200,50000,1 Year Warranty,https://www.hcsupermart.com/wp-content/uploads/2021/09/3-23.jpg,Black,Heating Plus Cooking
Dawlance,DW DW-162,Dawlance Classic Series Microwave Oven 62 Ltr (DW-162-HZP),Dawlance Classic Series Microwave Oven 62 Ltr (DW-162-HZP),"The Dawlance DW-162 HZP is categorized as a Solo microwave oven. This means it is designed exclusively for heating, defrosting, and basic cooking. It is not an ""all-in-one"" or convection appliance, and it does not feature the heating elements required for grilling, baking, or browning, despite some conflicting retail descriptions that may inaccurately label it as a ""grill"" model.",49300,51000,1 Year Warranty,https://friendshome.pk/cdn/shop/files/ModelDW-162HZP.jpg?v=1687298608&width=600,Black,All in one
Dawlance,DW DW-210,Dawlance Heating Series Microwave Oven 20 Ltr (DW-210-S),Dawlance Heating Series Microwave Oven 20 Ltr (DW-210-S),"The Dawlance DW-210 (often labeled as DW-210 S or DW-210 S Pro) is a Solo microwave oven, which means it is designed exclusively for heating, defrosting, and basic cooking. It is not an all-in-one appliance, nor does it feature a grill or oven-toaster (convection) heating element; therefore, it cannot be used for baking, browning, or crisping food.",19200,22000,1 Year Warranty,https://www.hcsupermart.com/wp-content/uploads/2022/12/D3.jpg,White,Heating Plus Cooking
Dawlance,DW DW-220,Dawlance Heating Series Microwave Oven 20 Ltr (DW-220-S),Dawlance Heating Series Microwave Oven 20 Ltr (DW-220-S),"The Dawlance DW-220 is a Solo microwave oven, which means it is strictly designed for heating, defrosting, and basic cooking. It is not an all-in-one appliance, nor does it feature a grill or convection heating element (oven-toaster), so it cannot be used for baking, browning, or crisping food.",19200,22000,1 Year Warranty,https://www.hcsupermart.com/wp-content/uploads/2022/12/D2.webp,White,Heating Plus Cooking
Dawlance,DW DW-295,Dawlance Cooking Series Microwave Oven 20 Ltr (DW-295),Dawlance Cooking Series Microwave Oven 20 Ltr (DW-295),"The Dawlance DW-295 is a Solo microwave oven, which means it is strictly designed for heating, defrosting, and basic cooking. It is not an all-in-one appliance, nor does it feature a grill or convection heating element (oven-toaster); therefore, it cannot be used for baking, browning, or crisping food.",21200,23000,1 Year Warranty,https://friendshome.pk/cdn/shop/files/DW292.jpg?v=1745309512&width=600,Black,Heating Plus Cooking
Dawlance,DW DW-297,Dawlance Cooking Series Microwave Oven 20 Ltr (DW-297-GSS),Dawlance Cooking Series Microwave Oven 20 Ltr (DW-297-GSS),"The Dawlance DW-297 GSS is a Grilling Microwave Oven. It is not a convection ""all-in-one"" oven (which would be required for baking) nor a basic ""solo"" microwave. It combines standard microwave heating with a dedicated grill function, allowing you to reheat and defrost food while also providing the ability to brown and crisp the surface of items like meats, vegetables, or snacks.",25000,27000,1 Year Warranty,https://friendshome.pk/cdn/shop/files/DW297.jpg?v=1693035712&width=600,Black,All in one
Dawlance,DW DW-299 dss,Dawlance Heating Microwave Oven 23 Ltr (DW-299 DSS),Dawlance Heating Microwave Oven 23 Ltr (DW-299 DSS),"The Dawlance DW-299 DSS (often referred to as DW-299 DS) is a Solo microwave oven. It is designed exclusively for heating, defrosting, and basic cooking. It is not an all-in-one appliance, nor does it include a grill or convection (oven-toaster) heating element, meaning it cannot be used for baking, browning, or crisping.",29700,30000,1 Year Warranty,https://www.newaftabcenter.com/cdn/shop/files/productImage_1779365544449.webp?v=1781687238&width=600,Black,Heating Plus Cooking
Dawlance,DW DW-330 ds,Dawlance Heating Microwave Oven 30 Ltr (DW-330 DS),Dawlance Heating Microwave Oven 30 Ltr (DW-330 DS),"The Dawlance DW-330 DS is a Solo microwave oven. It is designed strictly for heating, defrosting, and basic cooking. It is not an ""all-in-one"" appliance, nor does it feature a grill or convection (oven-toaster) heating element; therefore, it cannot be used for baking, browning, or crisping food.",34000,36000,1 Year Warranty,https://www.surmawala.pk/cdn/shop/files/dw-330-ds.jpg?v=1782747362,Black,All in one
Dawlance,DW DW-374,Dawlance Microwave Oven 23 Ltr Black (DW-374),Dawlance Microwave Oven 23 Ltr Black (DW-374),"The Dawlance DW-374 is a Solo microwave oven. This means it is designed exclusively for heating, defrosting, and basic cooking. It is not an all-in-one appliance, nor does it feature a grill or convection (oven-toaster) heating element, so it cannot be used for tasks like baking, browning, or crisping",28800,32000,1 Year Warranty,https://bgh.com.pk/wp-content/uploads/2024/07/Dawlance-DW-374-@-1.png,Black,Heating Plus Cooking
Dawlance,DW DW-390,Dawlance Heating Microwave Oven 23 Ltr Black (DW-390 S),Dawlance Heating Microwave Oven 23 Ltr Black (DW-390 S),"The Dawlance DW-390 S is a Solo microwave oven. It is designed exclusively for heating, reheating, and defrosting. It is not an ""all-in-one"" appliance, nor does it include a grill or convection (oven-toaster) heating element, so it cannot be used for tasks like baking, browning, or crisping.",25700,30000,1 Year Warranty,https://imraneshop.com/pub/media/catalog/product/cache/236ba44bb39ecfa15dd36bef5249e06a/1/3/136_4.jpg,Black,All in one
Dawlance,DW DW-393 G,Dawlance Cooking Series Microwave Oven 23 Ltr (DW-393-G),Dawlance Cooking Series Microwave Oven 23 Ltr (DW-393-G),"The Dawlance DW-393 GSS (also referred to as the DW-393 G) is a Grilling Microwave Oven. It is not an ""all-in-one"" convection oven (which would include a fan for baking/roasting) nor is it a basic ""solo"" microwave. It combines standard microwave heating with a dedicated grill element, allowing you to reheat, defrost, and brown or crisp the surface of your food.",32000,35000,1 Year Warranty,https://friendshome.pk/cdn/shop/files/DW-393G.jpg?v=1782561239&width=600,Black,Heating Plus Cooking
Haier,HMW-20MPB,Haier Solo Series Microwave Oven 20 Ltr Black (HMW-20MPB),Haier Solo Series Microwave Oven 20 Ltr Black (HMW-20MPB),"The Haier HMW-20MPB is a Solo microwave oven. This means it is designed exclusively for heating, reheating, and defrosting. It does not feature a grill element, convection (oven-toaster) capabilities, or all-in-one functions, so it cannot be used for baking, browning, or crisping food.",16900,19000,1 Year Warranty,https://friendshome.pk/cdn/shop/files/20pbm.jpg?v=1753090765&width=600,Black,Heating Plus Cooking
Haier,HMW-26MBH,HAIER MIRCROWAVE OVEN 25LTR SOLO HMW-26MBH,HAIER MIRCROWAVE OVEN 25LTR SOLO HMW-26MBH,"The Haier HMW-26MBH is a Solo microwave oven. This means it is designed exclusively for heating, reheating, and defrosting. It is not an ""all-in-one"" appliance, nor does it feature grill or convection (oven-toaster) heating elements; therefore, it cannot be used for baking, browning, or crisping food.",29800,32000,1 Year Warranty,https://friendshome.pk/cdn/shop/files/45DGM.jpg?v=1774963821&width=600,Black,All in one
Haier,HMW-25mxp9,Haier Solo Series Microwave Oven 25 Ltr Black (HGL-25MXP9),Haier Solo Series Microwave Oven 25 Ltr Black (HGL-25MXP9),"The Haier HMW-20MXP9 is a Solo microwave oven. It is designed exclusively for basic kitchen tasks like heating, reheating, and defrosting. It is not an ""all-in-one"" appliance, nor does it feature grill or convection (oven-toaster) heating elements, meaning it cannot be used for baking, browning, or crisping food",26200,29000,1 Year Warranty,https://friendshome.pk/cdn/shop/files/HMW-25MXP9.jpg?v=1748073228&width=600,Black,Heating Plus Cooking
Haier,HGL-23200,Haier Grill Series Microwave Oven 23 Ltr White (HGL-23200),Haier Grill Series Microwave Oven 23 Ltr White (HGL-23200),"The Haier HMW-23200 is a Grilling Microwave. It is not an all-in-one or convection oven; it provides Heating + Grilling (browning/crisping).It features a 23-liter capacity with 900W microwave power and a 1300W grill. It uses a digital control panel with an LED display, offering ""Intelligent Chef"" auto-menus, speed/weight defrost, and a child safety lock for secure, efficient daily use.",31500,36000,1 Year Warranty,https://modernelectronics.pk/cdn/shop/files/HGL-23100.jpg?v=1707298126&width=700,White,Heating Plus Cooking
Haier,HMW-28100,Haier Grill Series Microwave Oven 28 Ltr Black (HMW-28100),Haier Grill Series Microwave Oven 28 Ltr Black (HMW-28100),"The Haier HGL-28100 is a Grilling Microwave designed to provide both efficient reheating and surface browning. While it is not an ""all-in-one"" convection oven capable of baking, it serves as a powerful mid-sized appliance featuring a 28-liter capacity, a 1300-watt grill for crisping, and a digital control panel with ""Intelligent Chef"" auto-menus to simplify cooking, defrosting, and daily food preparation.",34800,39000,1 Year Warranty,https://sohailelectronics.com/wp-content/uploads/2025/01/Haier-Microwave-Oven-HMW-28100-Grill-Black.jpg,Black,Heating Plus Cooking
Haier,HGL-30100,HAIER CONVECTION MICROWAVE OVEN 30 LITER Model HGL-30100,HAIER CONVECTION MICROWAVE OVEN 30 LITER Model HGL-30100,"The Haier HGL-30100 is a high-performance Convection Microwave Oven. It is an ""all-in-one"" appliance that goes far beyond basic heating, as it integrates microwave, grill, and convection (fan-assisted) baking functions, along with a specialized 360-degree rotisserie feature",48400,46000,1 Year Warranty,https://www.alfatah.com.pk/wp-content/uploads/2024/01/3010-fr-600x600.webp,Black,All in one
Haier,HMN-32100 EGB,Haier 32 Liter Microwave Oven HMN-32100EGB (Grill/Cooking),Haier 32 Liter Microwave Oven HMN-32100EGB (Grill/Cooking),"The Haier HMN-32100BEGB is a Grilling Microwave that offers a larger 32-liter capacity, perfect for families who need more space than a standard unit provides. While it is not an ""all-in-one"" convection oven for baking, it excels at reheating, defrosting, and grilling. Its powerful grill element allows you to brown and crisp the tops of your meals—like meats or sandwiches—providing a finish that standard microwaves cannot achieve.",39300,42000,1 Year Warranty,https://lahorelectronics.com/wp-content/uploads/2021/06/HMN-32100EGB-11.jpeg,Black,Heating Plus Cooking
Haier,HMW-32300,Haier 32 Liter Microwave Oven HMN-32300 (Grill/Cooking),Haier 32 Liter Microwave Oven HMN-32300 (Grill/Cooking),"The Haier HMW-32300  is a Grilling Microwave Oven. It is not an ""all-in-one"" convection oven, so it cannot be used for baking (e.g., cakes or bread). Instead, it combines high-power heating with a dedicated grill function to reheat, defrost, and crisp the surface of your food.",40400,43000,1 Year Warranty,https://www.alfatah.com.pk/wp-content/uploads/2025/07/0b55f3b8-f168-4d07-9558-e7f66727111b-600x600.webp,Black,All in one
Haier,HMN-62MX80,Haier Solo Series Microwave Oven Black (HMN-62MX80),Haier Solo Series Microwave Oven Black (HMN-62MX80),"The Haier HMN-62MX80 is a high-capacity Solo microwave oven. It is designed primarily for heating, reheating, and defrosting. It does not feature convection (baking) or specialized grill heating elements, meaning it cannot be used for baking cakes or crisping foods like a convection or grill oven",52000,55000,1 Year Warranty,https://friendshome.pk/cdn/shop/files/HMN-62MX80.jpg?v=1695823120&width=600,Black,Heating Plus Cooking
Haier,OR POPCORN-20M,Orient Popcorn Microwave Oven 20 Ltr Solo White (Popcorn 20M),Orient Popcorn Microwave Oven 20 Ltr Solo White (Popcorn 20M),"The Orient Popcorn 20M is a compact Solo microwave oven engineered for essential daily kitchen tasks such as efficient heating, reheating, and defrosting. It is a strictly ""Solo"" unit, meaning it lacks both a grill element for browning and a convection fan for baking. The appliance is designed for durability and simplicity, featuring a user-friendly mechanical rotary control system with five adjustable power levels, making it straightforward to operate for basic food preparation. It is equipped with advanced safety features, including a child safety lock and a leakage-free design, and it utilizes a high-performance, long-lasting magnetron to ensure consistent results for everyday use.",22400,26000,1 Year Warranty,https://www.surmawala.pk/cdn/shop/files/popcorn.jpg?v=1736157430,White,Heating Plus Cooking
Haier,HDG-201S,Homage Microwave Oven With Grill (HDG-201S),Homage Microwave Oven With Grill (HDG-201S),"The Homage HDG-201S is a Grilling Microwave designed to provide a balance between basic heating and surface crisping. Because it is a grill-type oven, it is not a full ""all-in-one"" convection unit and therefore cannot be used for baking items like cakes. It is highly efficient for everyday needs such as reheating leftovers, thawing frozen foods, and browning the tops of dishes like sandwiches or roasted vegetables.",24000,28000,1 Year Warranty,https://www.surmawala.pk/cdn/shop/files/210s.jpg?v=1736152337,Black,Heating Plus Cooking
Homage,HDG-342S,Homage Microwave Oven 34 Ltr (HDG-342S),Homage Microwave Oven 34 Ltr (HDG-342S),"The Homage HDG-342S is a high-capacity Grilling Microwave designed to handle larger meals and family-sized portions. As a grill-type microwave, it is not an ""all-in-one"" convection oven and cannot perform tasks like baking cakes or breads. Instead, it focuses on delivering efficient heating, defrosting, and professional-grade browning, making it a powerful tool for crisping the surface of meats, sandwiches, and casseroles.",35400,39000,1 Year Warranty,https://www.surmawala.pk/cdn/shop/files/342s.jpg?v=1736152334,Black,Heating Plus Cooking
Homage,HDSO-2312B,Homage Microwave Oven 23 Litre (HDSO-2312B),Homage Microwave Oven 23 Litre (HDSO-2312B),"The Homage Microwave Oven 23 Litre (HDSO-2312B) is a digital microwave with a built-in grill function. Its primary feature is this dual-capability design, which allows you to switch between standard microwave heating for rapid cooking and defrosting, and the grilling mode for browning, crisping, and adding texture to dishes like sandwiches or poultry. Equipped with 800W of microwave power and 1000W for the grill, the unit uses a digital interface and LED display to manage multi-stage cooking sequences, ensuring precise control over both heat intensity and duration for a variety of cooking needs.",27800,32000,1 Year Warranty,https://homage.pk/cdn/shop/files/HDSO-2312B.png?v=1754394497&width=713,Black,Heating Plus Cooking
